超能力组织生产,超能力组织生产：矿井核定生产能力90万吨/年，2024年1月生产原煤10.34万吨，月产量大于矿井核定(设计)生产能力10％。违反《国务院关于预防煤矿生产安全事故的特别规定》第八条第二款第一项；《煤矿重大事故隐患判定标准》第四条第一项的规定。,《煤矿重大事故隐患判定标准》第四条第一项
造假，非法软件拦截屏蔽数据,对监控系统数据进行拦截屏蔽。自2024年1月起，采用第三方非法软件对井下甲烷传感器超限报警信息进行拦截屏蔽。2024年2月27日将31501工作面T0甲烷传感器7次瓦斯超限报警信息拦截屏蔽，导致超限报警数据信息未上传至国家矿山安全监察局陕西局监测预警平台。违反《国务院关于预防煤矿生产安全事故的特别规定》第八条第二款第十五项；《煤矿重大事故隐患判定标准》第十八条第六项,《煤矿重大事故隐患判定标准》第十八条第六项
自然发火严重，未采取有效措施,"煤矿自然发火严重，未采取有效措施：矿井5-1煤为容易自燃煤层，2024年2月27日至3月11日，51106综采工作面处于末采阶段（工作面至停采线30m），未按照《51106综采工作面防灭火设计》足量喷洒阻化剂、灌浆，设计喷洒阻化剂35m3，实际喷洒28.54m3;设计灌浆1176m3,实际未进行灌浆。（违反《国务院关于预防煤矿生产安全事故的特别规定》第八条第二款第（九）项、《煤矿重大事故隐患判定标准》第十二条第（一）项，要求煤矿对矿长苗广东及其他分管负责人进行内部追责。）",《煤矿重大事故隐患判定标准》第十二条第一项
未实现风电、甲烷电闭锁,通风系统不完善、不可靠，掘进工作面正常工作的局部通风机停止运转停风后，在切断电源期间，断电范围内电气设备仍能人工送上电。2319回风顺槽掘进工作面正常工作的局部通风机自2024年3月14日03：23：21至2024年3月14日03：55：22停止运转后，风电闭锁装置工作不正常，在此期间该馈电开关自2024年3月14日03：29：30至2024年3月14日03：33：09处于有电状态。违反《煤矿安全规程》第一百六十四条第七项、《煤矿重大事故隐患判定标准解读》第八条第八项第2目、《煤矿重大事故隐患判定标准》第八条第八项、《国务院关于预防煤矿生产安全事故的特别规定》第八条第二款第五项。,《煤矿重大事故隐患判定标准》第八条第八项
整体承包后再次转包,实行整体承包的煤矿承包方再次转包。2022年6月1日，委托方陕西燎原煤业有限公司和承托方安源煤业集团股份有限公司签订《煤矿安全生产托管合同》，同日安源煤业集团股份有限公司与江西乐矿集团有限公司签订委托管理协议，约定由江西乐矿集团有限公司履行托管合同中承托方的托管义务。违反《国务院关于预防煤矿生产安全事故的特别规定》第八条第二款第十三项；《煤矿重大事故隐患判定标准》第十六条第四项。,《煤矿重大事故隐患判定标准》第十六条第四项
造假，伪造记录,煤矿总工程师履行安全生产岗位责任制弄虚作假（矿井处于停建状态）。2024年3月7日，煤矿2#主要通风机发生故障，造成矿井停风累计时长32分42秒，由煤矿总工程师组织调查 ，并上报《子长县恒发煤炭有限责任公司关于主要通风机发生停风故障分析处置报告》，原因为2#主要通风机1级变频器故障造成停风，未说明真实原因；检查时，发现未及时切换至1#主要通风机的原因为：1#主要通风机的蝶阀电动打开装置故障所致。检查组多次询问煤矿总工程师等人，仍隐瞒未及时切换风机的原因，事实上，总工程师2月2日已清楚该情况，并未及时采取措施处理。《处置报告》上有总工程师签字。违反《煤矿重大事故隐患判定标准》第十八条第五项；《国务院关于预防煤矿生产安全事故的特别规定》第八条第二款第十五项。,《煤矿重大事故隐患判定标准》第十八条第五项
造假，非法设置限值,对监控系统数据进行修改及屏蔽。自2023年12月起矿井采用第三方软件，对井下甲烷传感器测定的数值进行限定，不同时段分别设置限值为0.69%或0.79%，并自动篡改限定数值以上的数据上传陕西矿山安全生产综合信息系统，导致监控系统不能反映真实的瓦斯监测数据。,《煤矿重大事故隐患判定标准》第十八条第六项
突出矿井未按照国家规定安设甲烷传感器,未按照国家规定安设甲烷传感器。1105运顺顶抽巷钻场3月4日施工顶抽巷穿层钻孔期间未安装甲烷传感器，监控系统显示3月5日16时35分才出现1105运顺顶抽巷钻场甲烷传感器数据。违反《防治煤与瓦斯突出细则》第三十二条第一项；《国务院关于预防煤矿生产安全事故的特别规定》第八条第二款第十五项；《煤矿重大事故隐患判定标准》第十八条第六项。,《煤矿重大事故隐患判定标准》第十八条第六项
造假，选择性上传数据,对安全监控系统数据进行删除及屏蔽。该矿人为频繁对监控系统数据上传国家矿山安全生产风险监测预警系统进行选择性屏蔽。3月3日至7日多次分时段屏蔽1105运顺顶抽巷、1105运顺顶抽巷分风口等地点甲烷传感器，2月26日至3月9日14时屏蔽110B综采工作面风速传感器。现场检查时1105运顺顶抽巷分风口处安装的风向传感器报警，地面监控系统中该传感器设置为测试状态，无传感器数据且不发出报警信息。违反《国务院关于预防煤矿生产安全事故的特别规定》第八条第二款第十五项；《煤矿重大事故隐患判定标准》第十八条第六项。,《煤矿重大事故隐患判定标准》第十八条第六项
造假，人卡分离，隐瞒采面作业人数,"矿井为高瓦斯、冲击地压矿井，检查发现存在人卡分离、隐瞒采煤工作面人员超限。突击检查现场发现1310综放工作面3月2日八点班（检修班）在工作面运输巷作业的黄开、刘永宇等5人未携带定位卡；经核查人员定位系统发现综采工区职工3月1日四点班（生产班）24人、3月2日八点班26人在238号人员定位基站（区段集中运输巷机头）异常集中，3月2日零点班24人在235号人员定位基站（五联巷与顺槽皮带三岔口）异常集中。经对综采工区相关人员调查取证和核查三个班次的出勤及工作量记录，该矿存在矿井存在人卡分离隐瞒采煤工作面作业人数,三个班次中工作面区域作业人数最多为3月1日四点班31人,超出国家限员规定的24%。违反《国务院关于预防煤矿生产安全事故的特别规定》第八条第二款第十五项；《煤矿重大事故隐患判定标准》第十八条第五项;《煤矿单班入井（坑）作业人数限员规定》第五条",《煤矿重大事故隐患判定标准》第十八条第五项
造假，包裹传感器,矿井屏蔽安全监控系统数据。2024年1月20日，煤矿使用安全套包裹3109回风顺槽皮带转载点下风侧的一氧化碳传感器，使用塑料袋包裹3109回风顺槽皮带转载点下风侧的烟雾传感器。违反了《国务院关于预防煤矿生产安全事故的特别规定》第八条第二款第十五项、《煤矿重大事故隐患判定标准》第十八条第六项的规定。,《煤矿重大事故隐患判定标准》第十八条第六项
超能力组织生产,超能力组织生产：矿井核定生产能力500万吨/年，2023年度7月生产原煤54.03万吨、9月生产原煤50.67万吨，月产量大于矿井核定(设计)生产能力10％。违反《国务院关于预防煤矿生产安全事故的特别规定》第八条第二款第一项；《煤矿重大事故隐患判定标准》第四条第一项的规定。,《煤矿重大事故隐患判定标准》第四条第一项
通风系统不可靠，未实现专用回风巷功能,矿井通风系统不可靠。矿井为高瓦斯矿井，现开采煤层自燃倾向性为容易自燃，检查时42盘区一号回风巷为专用回风巷，2500m巷道内铺设有2部胶带输送机及配套电气设备且正常运行并进行运输作业，未实现专用回风巷功能。违反《煤矿安全规程》第一百四十九条第三款；《煤矿重大事故隐患判定标准》第八条第五项；《国务院关于预防煤矿生产安全事故的特别规定》第八条第二款第五项之规定。,《煤矿重大事故隐患判定标准》第八条第五项
带式输送机的输送带温度监测装置失效,带式输送机的输送带温度监测装置失效。3-2煤4联巷1部胶带运输机主驱动滚筒温度保护装置处于悬空状态，未固定在传动滚筒瓦座上，不具备温度监测及超温洒水功能。违反《煤矿电气设备安装工程施工与验收规范》（GB51145-2015）15.3.7；《煤矿重大事故隐患判定标准》第十八条第八项；《国务院关于预防煤矿生产安全事故的特别规定》第八条第二款第十五项。,《煤矿重大事故隐患判定标准》第十八条第八项
瓦斯检查假检,该矿瓦斯检查存在假检进行作业。2024年3月2日早班约11时30分，陕西局监察员在C302充填工作面上隅角附近时检查时，发现当班瓦斯检查员尹东东携带的光干涉甲烷测定器（型号CJG-23118）损坏（无光谱），尹东东于11时15分和11时21分，分别检查了C302充填工作面回风隅角、C302充填工作面回风顺槽10-15m检测点处的甲烷及二氧化碳浓度，并填写了瓦斯检查牌板和手册。违反《国务院关于预防煤矿生产安全事故的特别规定》第八条第二款第二项；《煤矿重大事故隐患判定标准》第五条第一款第一项。,《煤矿重大事故隐患判定标准》第五条第一项
自然发火严重，未采取有效措施,矿井开采自燃煤层，未采取综合防灭火措施。《延安市禾草沟煤业有限公司防灭火专项设计》要求50207综采工作面喷洒阻化剂溶液应为2.78t/d，实际为0.61t/d，阻化剂溶液用量不符合要求，《50207综采工作面防灭火专项安全技术措施》规定每天使用阻化剂100kg配制阻化剂溶液，实际使用阻化剂75kg配制阻化剂溶液，浓度不符合要求；《延安市禾草沟煤业有限公司防灭火专项设计》要求每3天注氮一次，每次注氮时间不少于3小时，实际自2月3日至3月2日检查时，注氮泵注氮时间仅为9.5小时（含调试时间）。矿井综合防灭火措施落实不到位，仍组织生产作业。违反《煤矿重大事故隐患判定标准》第十二条第一项；《国务院关于预防煤矿生产安全事故的特别规定》第八条第二款第九项。,《煤矿重大事故隐患判定标准》第十二条第一项
未查明水文地质条件、采空区、废弃老窑积水等，生产建设,未查明矿井水文地质条件和井田范围内采空区、废弃老窑积水等情况而组织生产建设。该矿于2002至2017年井工开采期间形成4.7km²的3-1煤采空区。查阅煤矿《3-1煤采空区积水探查报告》（2023年9月），报告载明物探工程发现“低阻异常区5处共计面积687570m²”，钻探工程仅验证了2处异常区，且该报告结论未明确3-1煤采空区积水位置、范围、水压、积水量等积水情况参数。（《国务院关于预防煤矿生产安全事故的特别规定》（国务院令第446号）第八条第二款第六项、《煤矿重大事故隐患判定标准》（应急管理部令第4号）第九条第一项）,《煤矿重大事故隐患判定标准》第九条第一项
擅自开采永久性保护煤柱,2023年7月，北关煤矿未经安全论证、审批，开拓延伸辅助运输大巷、皮带运输大巷、回风大巷，三条大巷穿过铁路安全煤柱；2023年11月，北关煤矿未经正规设计、安全论证和审批，违规布置630综采工作面和324高档普采工作面，其中630综采工作面回风顺槽、运输顺槽穿过铁路安全煤柱。,《煤矿重大事故隐患判定标准》第十条第三项
造假，人为删除测点,人为删除安全监测监控系统甲烷传感器测点。2024年2月21日04时04分55秒，当班通风调度员删除了40207运顺中部甲烷传感器测点[053A09]，04时13分51秒添加了40207运顺中部甲烷传感器测点[053A09]，导致安全监测监控系统在04时04分55秒至04时13分51秒期间的8分钟56秒时长内无该测点瓦斯浓度监测数据。（违反《国务院关于预防煤矿生产安全事故的特别规定》第八条第二款第十五项；《煤矿重大事故隐患判定标准》第十八条第六项）,《煤矿重大事故隐患判定标准》第十八条第六项
未实现风电、甲烷电闭锁,矿井瓦斯超限后不能断电。2024年2月21日4时16分53秒，40207运顺掘进工作面中部激光甲烷传感器上限断电值被当班监控员定义为1.50%，23时32分04秒该传感器监测瓦斯浓度最大值1.06%，40207运顺总馈馈电传感器显示有电，40207运顺动力馈电开关综保记录显示23时32分04秒瓦斯浓度超过1.00%未断电。（违反《国务院关于预防煤矿生产安全事故的特别规定》第八条第二款第四项；《煤矿重大事故隐患判定标准》第七条第二项）,《煤矿重大事故隐患判定标准》第七条第二项
超能力组织生产,矿井超能力组织生产。该矿为正常生产矿井，核定生产能力800万吨/年，查阅矿井产量统计报表等资料，2023年10月份原煤产量84.20万吨、11月份原煤产量83.90万吨，月原煤产量大于核定生产能力的10%。（《国务院关于预防煤矿生产安全事故的特别规定》第八条第二款第一项；《煤矿重大事故隐患判定标准》第四条第一项）,《煤矿重大事故隐患判定标准》第四条第一项
造假，布置隐蔽采掘工作面,经核查，矿井在副立井配电室附近布置有隐蔽采掘工作面，2022年6月在此处实施采掘作业活动。违反《煤矿重大事故隐患判定标准》第十八条第五项；《国务院关于预防煤矿生产安全事故的特别规定》第八条第二款第十五项。,《煤矿重大事故隐患判定标准》第十八条第五项
建设矿井边建设边生产,洞子沟煤矿为资源整合改扩建矿井，尚未完成建设。经核查，矿井在轨道石门巷道处、皮带巷和轨道巷之间联巷、新建变电所处组织生产。违反《国务院关于预防煤矿生产安全事故的特别规定》第八条第二款第十二项；《煤矿重大事故隐患判定标准》第十五条第三项。,《煤矿重大事故隐患判定标准》第十五条第三项
造假，提供虚假信息，隐瞒采面作业人数,煤矿提供虚假信息、隐瞒下井人数。矿井采用部分巷修作业人员不带定位卡的方式，隐瞒实际下井人数，掩盖入井人员超限。查阅开拓二队2023年8月份班前会议记录及出勤表每班均有人员下井出勤，查询人员定位系统，无法查到开拓二队8月份出勤人员下井信息。矿井单班限员180人，出入井人员清点汇总表显示2023年8月21日中班入井177人，查看人员定位系统无开拓二队中班人员入井记录，而2023年8月21日班前会议记录中开拓二队中班出勤7人，实际井下作业人数184人，超矿井单班限员4人。出入井人员清点汇总表显示2023年8月23日中班入井207人，查看人员定位系统开拓二队人员中班无入井记录，而2023年8月23日班前会议记录中开拓二队中班下井出勤6人，实际井下作业人数213人，超矿井单班限员33人。违反《煤矿重大事故隐患判定标准》第十八条第五项；《国务院关于预防煤矿生产安全事故的特别规定》第八条第二款第十五项。,《煤矿重大事故隐患判定标准》第十八条第五项
采煤工作面超定员20%以上,超定员组织生产。矿井水文地质类型为复杂，2024年1月10日11点（检修班），2102综采工作面作业人数为52人，超过国家限员规定40人的20%以上，违反了《国务院关于预防煤矿生产安全事故的特别规定》第八条第二款第一项，《煤矿重大事故隐患判定标准》第四条第六项，《煤矿单班入井（坑）作业人数限员规定》第三条、第五条的规定。,《煤矿重大事故隐患判定标准》第四条第六项
未按规定安设甲烷传感器,未按照国家规定安设甲烷传感器。该矿为煤与瓦斯突出矿井，检查时发现12采区煤仓上方未按照规定安装甲烷传感器。违反了《国务院关于预防煤矿生产安全事故的特别规定》第八条第二款第四项、《煤矿重大事故隐患判定标准》第七条第二项的规定。,《煤矿重大事故隐患判定标准》第七条第二项
使用明令禁止的淘汰设备,井下使用明令禁止的淘汰设备。该矿10月18日至12月中旬期间，井下间断使用4台型号TYP-1450034非防爆三轮车（五征牌）在5101综采工作面回风顺槽、总回风巷运输煤渣。,《煤矿重大事故隐患判定标准》第十三条第三项
带式输送机保护失效,带式输送机堆煤保护装置失效。查看煤矿监控室视频，2024年1月26日中班15:38分左右，井下一部皮带煤仓上口堆煤至皮带上带，堆煤保护装置不起作用（未报警并中止带式输送机运行）。,《煤矿重大事故隐患判定标准》第十八条第八项
造假，图纸作假、隐瞒采掘工作面,图纸作假、隐瞒采掘工作面；矿长履行管理制度规定时弄虚作假。该矿自2023年11月中旬至2024年1月底，在辅助运输大巷末端东侧，违规布置630综采工作面和324高档普采工作面，且未在采掘工程平面图、通风系统图、巷道布置图等图纸中填绘；2024年1月28日检查时矿长汇报入井人员9人。经查，确认矿长任建平当日早班安排入井人数为61人，9人携带人员定位卡并进行了入井登记，其他未携带定位卡入井人员另外进行登记。,《煤矿重大事故隐患判定标准》第十八条第五项
未查明水文地质条件、采空区、废弃老窑积水等，生产建设,煤矿未查明井田范围内3-1煤采空区积水而组织生产建设：煤矿地面物探成果报告显示3-1采空区仅存在3处小范围的采空区积水（总面积约0.034km2，总积水量21411m3），矿井以此圈定了采掘工程平面图及各类防治水报告中的采空积水区，但煤矿井筒检查孔J6、J7钻孔资料显示，钻孔处3-1煤采空区存在大量积水，承压10-15m，采掘工程平面图及各类防治水报告中圈定的采空积水区未包含井筒检查孔J6、J7钻孔处的采空区积水，煤矿未进一步综合探查并查明3-1煤采空区积水位置、范围、水压、积水量而直接组织生产建设。违反《国务院关于预防煤矿生产安全事故的特别规定》第八条第二款第六项、《煤矿重大事故隐患判定标准》第九条第一项之规定。,《煤矿重大事故隐患判定标准》第九条第一项
超能力组织生产,"超能力组织生产：矿井核定生产能力300万吨/年,2023年度10月生产原煤38.40万吨、11月生产原煤36.58万吨，月产量大于矿井核定(设计)生产能力10％。违反《国务院关于预防煤矿生产安全事故的特别规定》第八条第二款第一项和《煤矿重大事故隐患判定标准》第四条第一项的规定",《煤矿重大事故隐患判定标准》第四条第一项
带式输送机保护失效,带式输送机的输送带防打滑保护装置失效：33103主运顺槽综掘工作面带式输送机安装了1套电感式防打滑保护装置，采用传感器与磁铁配合实现防打滑。检查时开启带式输送机并使传感器远离磁铁，皮带保护装置不能报警，带式输送机也不能停机。违反《煤矿重大事故隐患判定标准》第十八条第八项；《国务院关于预防煤矿生产安全事故的特别规定》第八条第二款第十五项之规定。,《煤矿重大事故隐患判定标准》第十八条第八项
造假，隐瞒井下采煤工作面,未安装安全监控系统、人员位置监测系统。井下隐瞒布置的5个采煤工作面（N1301采煤工作面、N5301采煤工作面、N002采煤工作面、N006采煤工作面、N007采煤工作面）和5个掘进工作面（301盘区七联巷炮掘工作面、1301开切眼炮掘工作面、501进风巷炮掘工作面、501回风巷炮掘工作面、301回风炮掘工作面），没有安装安全监控系统、人员定位系统的监测监控设备。违反《煤矿安全规程》第四百八十七条；《国务院关于预防煤矿生产安全事故的特别规定》第八条第二款第十五项；《煤矿重大事故隐患判定标准》第十八条第六项。,《煤矿重大事故隐患判定标准》第十八条第六项
未按规定足额提取、使用安全费用,未按照国家规定足额提取安全费用：矿井2022年安全生产费用未按照实际产量提取，实际原煤产量为44.66万吨，按照原煤产量为30万吨提取安全生产费用。违反《企业安全生产费用提取和使用管理办法》第七条第一款第三项；《国务院关于预防煤矿生产安全事故的特别规定》第八条第二款第十五项；《煤矿重大事故隐患判定标准》第十八条第二款。,《煤矿重大事故隐患判定标准》第十八条第二项
通风系统不完善、不可靠。,矿井通风系统不完善、不可靠。301盘区隐瞒的采掘工作面4次串联通风，未实现独立通风、配风，风量严重不足；矿井排放瓦斯前未测算巷道配风量及风机吸风量，产生“循环风”；为给隐瞒的N1301采煤工作面供风，在301盘区运输巷内使用木板拼接、彩条布包裹构筑临时调风设施，通风设施不可靠。违反《煤矿安全规程》第一百三十八条第一款第二项；《煤矿安全规程》第一百五十条第二款；《煤矿安全规程》第一百四十四条；《国务院关于预防煤矿生产安全事故的特别规定》第八条第二款第五项；《煤矿重大事故隐患判定标准》第八条第一项、第三项、第六项。,《煤矿重大事故隐患判定标准》第八条第一项、《煤矿重大事故隐患判定标准》第八条第三项、《煤矿重大事故隐患判定标准》第八条第六项
瓦斯检查漏检,瓦斯检查存在漏检。矿井对隐瞒的5个采煤工作面（N1301采煤工作面、N5301采煤工作面、N002采煤工作面、N006采煤工作面、N007采煤工作面）和5个掘进工作面（301盘区七联巷炮掘工作面、1301开切眼炮掘工作面、501进风巷炮掘工作面、501回风巷炮掘工作面、301回风炮掘工作面），在其生产作业班次内各采掘工作面仅开展1次瓦斯检查。违反《煤矿安全规程》第一百八十条第三项；《国务院关于预防煤矿生产安全事故的特别规定》第八条第二款第二项；《煤矿重大事故隐患判定标准》第五条第一项。,《煤矿重大事故隐患判定标准》第五条第一项
井下使用非防爆设备,井下使用非防爆设备。301盘区七联巷炮掘工作面使用非防爆无轨胶轮车和非防爆电机的装载机；501进风巷炮掘工作面、501回风巷炮掘工作面使用非防爆引风机。违反《煤矿安全规程》第十条第四款；《国务院关于预防煤矿生产安全事故的特别规定》第八条第十项；《煤矿重大事故隐患判定标准》第十三条第三项。,《煤矿重大事故隐患判定标准》第十三条第三项
造假，图纸作假、隐瞒采掘工作面,矿井图纸作假，隐瞒井下采掘工作面。2023年8月21日，井下隐瞒布置有5个采煤工作面（N1301采煤工作面、N5301采煤工作面、N002采煤工作面、N006采煤工作面、N007采煤工作面）和5个掘进工作面（301盘区七联巷炮掘工作面、1301开切眼炮掘工作面、501进风巷炮掘工作面、501回风巷炮掘工作面、301回风炮掘工作面），均未在采掘工程平面图、通风系统图等矿井现状图绘制。违反《国务院关于预防煤矿生产安全事故的特别规定》第八条第二款第十五项；《煤矿重大事故隐患判定标准》第十八条第五项。,《煤矿重大事故隐患判定标准》第十八条第五项
超能力、超强度组织生产。,矿井超能力、超强度组织生产。（1）2022年矿井生产原煤共计44.66万吨，超过矿井核定生产能力30万吨/年的10%；（2）301盘区布置2个采煤工作面（1303综采工作面、N1301采煤工作面）和5个掘进工作面（301盘区回风巷掘进工作面、301盘区七联巷炮掘工作面、1301开切眼炮掘工作面、501进风巷炮掘工作面、501回风巷炮掘工作面），302盘区布置2个采煤工作面（N5301采煤工作面、N007采煤工作面）和2个掘进工作面（5301回风顺槽综掘工作面、5301运输顺槽综掘工作面），且超过国家对煤矿同一采（盘）区同一煤层内采掘工作面数量规定同时作业。违反《国务院关于预防煤矿生产安全事故的特别规定》第八条第二款第一项；《煤矿重大事故隐患判定标准》第四条第一项；《煤矿安全规程》第九十五条第三款；《煤矿重大事故隐患判定标准》第四条第四项。,《煤矿重大事故隐患判定标准》第四条第四项
超能力组织生产,矿井核定生产能力60万吨/年，经查看矿井2023年产量报表，10月份生产原煤13.365万吨，11月份生产原煤12.872万吨，12月生产原煤11.58万吨，月产量超过核定生产能力的10%，矿井存在超能力生产。违反《国务院关于预防煤矿生产安全事故的特别规定》第八条第二款第一项和《煤矿重大事故隐患判定标准》第四条第一项,《煤矿重大事故隐患判定标准》第四条第一项
带式输送机保护失效,二部胶带运输机超温保护未安装在皮带机主传动滚筒轴承座上，保护失效（矿井已停产放假，该皮带未使用）。违反《煤矿安全规程》第三百七十四条第二项规定。,《煤矿重大事故隐患判定标准》第十八条第八项
煤矿未依照规定实施防突出措施，仍然组织生产,煤矿未依照规定实施防突出措施，仍然组织生产。煤矿未按照《防治煤与瓦斯突出细则》和经主管部门批准的《矿井机械化改造安全设施设计》（含修改版）、煤矿企业批准的《矿井防治煤与瓦突出专项设计》的规定：在联合试运转期间首次开采保护层3号煤层的首采工作面3302综采工作面时，在3302回风顺槽底抽巷、3302底板岩巷布置下向钻孔同时抽采被保护层5号煤层所对应的回采区段瓦斯；也未对该回采区段被保护层的保护效果及其有效保护范围进行实际考察，至本次现场检查时3302综采工作面已沿走向回采了810m（2023年12月28日起该采煤工作面停采）。违反《防治煤与瓦斯突出细则》第五十五条第一款、第六十二条第一款第（一）项，《煤矿重大事故隐患判定标准》第六条第（四）项、第（五）项，《国务院关于预防煤矿生产安全事故的特别规定》第八条第二款第（三）项之规定。,《煤矿重大事故隐患判定标准》第六条第四项、《煤矿重大事故隐患判定标准》第六条第五项
采煤工作面超定员组织生产,矿井超定员组织生产。该矿为灾害严重矿井，采用三八制作业，其中早班为检修班，中班、夜班为生产班，经查询人员位置检测系统显示：2023年12月3日中班302综放工作面同时作业人数为32人，超过国家有关限员规定的28%；2023年12月20日夜班403综放工作面同时作业人数为32人，超过国家有关限员规定的28%；2024年1月13日早班302综放工作面同时作业人数为52人，超过国家有关限员规定的30%。违反《煤矿单班入井（坑）作业人数限员规定》第五条、《国务院关于预防煤矿生产安全事故的特别规定》第八条第二款第一项和《煤矿重大事故隐患判定标准》第四条第六项。,《煤矿重大事故隐患判定标准》第四条第六项
井下使用非防爆设备,井下使用非防爆车辆作业。检查时发现煤矿井下使用2台久保田牌液压挖掘机（型号KX161-3SZ、KX155-5）和1台震动压路机（型号CLG6622E）进行辅助运输大巷路面整修工程施工，上述设备均未取得“MA”防爆标志，违反《《煤矿重大事故隐患判定标准》第十三条第三项和《国务院关于预防煤矿生产安全事故的特别规定》第八条第二款第十项。,《煤矿重大事故隐患判定标准》第十三条第三项
瓦斯超限作业,瓦斯超限作业。1月16日在生产班现场监察时发现，405采煤工作面回风顺槽使用编织袋封堵采空区、移动泵站抽放采空区瓦斯，18时53分实测距切顶线1米处瓦斯浓度达1.57%，1月1日至16日期间持续正常生产。涉嫌违反《煤矿安全规程》第一百七十五条第五款、《国务院关于预防煤矿生产安全事故的特别规定》第八条第二款第二项、《煤矿重大事故隐患判定标准》第五条第二项。,《煤矿重大事故隐患判定标准》第五条第二项
井下使用非防爆无轨胶轮车,井下使用非防爆无轨胶轮车。查看矿井副井口工业视频，2024年1月8日0点班，煤矿使用非防爆无轨胶轮车出入井运输原煤。该行为违反了《国务院关于预防煤矿生产安全事故的特别规定》第八条第二款第十项、《煤矿重大事故隐患判定标准》第十三条第三项的规定。,《煤矿重大事故隐患判定标准》第十三条第三项
煤巷掘进未装备甲烷电闭锁装置,煤巷掘进未按规定装备甲烷电闭锁装置，仍然进行生产。一盘区大巷煤柱条带膏体充填回收开采工作面第九条带掘进工作面回风流经过一盘区胶带大巷末段、主斜联巷运输顺槽、主斜联巷回风顺槽进入一盘区回风大巷，一盘区胶带大巷末段至主斜联巷回风顺槽回风流段在用的3台水泵开关（主运08开关、四区段运顺临时泵开关1、四区段运顺临时泵开关2）未安装甲烷传感器并实现甲烷电闭锁，违反了《国务院关于预防煤矿生产安全事故的特别规定》第八条第二款第五项、《煤矿重大事故隐患判定标准》第八条第八项、《煤矿安全规程》第一百六十八条第二款和第四百九十九条第二项的规定。,《煤矿重大事故隐患判定标准》第八条第八项
瓦斯超限作业,矿井瓦斯超限作业。检查时，实测201综采工作面回风隅角瓦斯浓度为2.66%，矿井未采取措施，继续进行检修作业。违反《煤矿安全规程》第一百七十五条第五款、《国务院关于预防煤矿生产安全事故的特别规定》第八条第二款第二项、《煤矿重大事故隐患判定标准》第五条第二项、《煤矿重大事故隐患判定标准》解读第五条第二项第3目。,《煤矿重大事故隐患判定标准》第五条第二项
瓦斯检查漏检,瓦斯检查存在漏检，仍然进行生产。1月8日检查人员入井检查时，一盘区大巷煤柱条带膏体充填回收开采工作面（第四区段）正在进行第一轮第九条带掘进开采，已经贯通原一盘区辅运大巷、主运大巷（封闭盲巷），正在贯通原一盘区回风大巷老空巷道（封闭盲巷），未按规定检查上述地点的甲烷和二氧化碳浓度，违反了《国务院关于预防煤矿生产安全事故的特别规定》第八条第二款第二项、《煤矿重大事故隐患判定标准》第五条第一项、《煤矿安全规程》第一百八十条第一款第四项的规定。,《煤矿重大事故隐患判定标准》第五条第一项
超能力组织生产,矿井超能力组织生产。煤矿核定生产能力为150万吨/年，2023年10月生产原煤24.4万吨，11月生产原煤23.6万吨，12月生产原煤24.2万吨，均超过核定生产能力的10%，违反了《国务院关于预防煤矿生产安全事故的特别规定》第八条第二款第一项和《煤矿重大事故隐患判定标准》第四条第一项的规定。,《煤矿重大事故隐患判定标准》第四条第一项
造假，矿长履职时弄虚作假,矿长履行安全生产岗位责任制时弄虚作假。2023年11月1日四点班矿领导带班计划表及实际带班人均为矿长王玉军，矿领导下井带班交接班记录显示矿长王玉军入井接班时间为15时20分，升井时间为23时30分；经查实际入井时间为18时51分，升井时间为21时左右；升井时王玉军将人员定位标识卡交给当班安检员马世雄携带。违反《煤矿重大事故隐患判定标准》第十八条第五项；《国务院关于预防煤矿生产安全事故的特别规定》第八条第二款第十五项。,《煤矿重大事故隐患判定标准》第十八条第五项
超能力组织生产,矿井超能力组织生产：2023年12月生产原煤18.6万吨，超过核定生产能力(30万吨/年)的10%，导致2023年生产原煤47.3万吨，超过核定生产能力幅度在10%以上。,《煤矿重大事故隐患判定标准》第四条第一项
造假，包裹传感器,矿井屏蔽安全监控系统数据。2023年12月26日，煤矿使用黑色塑料袋包裹520109综采工作面上隅角甲烷传感器和一氧化碳传感器。该行为违反了《国务院关于预防煤矿生产安全事故的特别规定》第八条第二款第十五项、《煤矿重大事故隐患判定标准》第十八条第六项的规定。,《煤矿重大事故隐患判定标准》第十八条第六项
超能力组织生产,矿井超能力组织生产。矿井核定生产能力为2500万吨/年，查看矿井2023年度产销量统计表显示，2023年原煤产量3012万吨，超过核定生产能力10%以上。,《煤矿重大事故隐患判定标准》第四条第一项
风电闭锁装置不能正常使用,5902运输顺槽维修作业点和59运输下山维修作业点风电闭锁装置不能正常使用。现场检查时，5902运输顺槽风筒传感器用铁丝捆绑，现场试验时，无法动作；59运输下山维修作业点测试风电闭锁，未能切断作业点回风流内照明电源。违反《煤矿安全规程》第四百九十条第一款、《煤矿重大事故隐患判定标准》第八条第八项、《国务院关于预防煤矿生产安全事故的特别规定》第八条第二款第五项。,《煤矿重大事故隐患判定标准》第八条第八项
"未配备专业技术人员，
未建设瓦斯抽采系统",矿井新鉴定为煤与瓦斯突出矿井，未配备防突技术人员，未建设瓦斯抽采系统。违反《煤矿重大事故隐患判定标准》第六条第一项、《国务院关于预防煤矿生产安全事故的特别规定》第八条第二款第三项。,《煤矿重大事故隐患判定标准》第六条第一项
"未配备专业技术人员，
未建立防冲监测系统",矿井新鉴定为弱冲击危险性煤矿，未配备防冲专业技术人员，未建立防冲监测系统，未施工卸压钻孔。违反《煤矿重大事故隐患判定标准》第十一条第二项、《国务院关于预防煤矿生产安全事故的特别规定》第八条第二款第八项。,《煤矿重大事故隐患判定标准》第十一条第二项
造假，隐瞒采面作业人数,隐瞒下井人数。查询12月20日调度录音，23点36分40秒录音中维修3队人员报备共下井9人，与当天晚班显示仅有5人不符。违反《煤矿重大事故隐患判定标准》第十八条第五项、《国务院关于预防煤矿生产安全事故的特别规定》第八条第二款第十五项。,《煤矿重大事故隐患判定标准》第十八条第五项
未实现风电、甲烷电闭锁,1406回撤通道掘进工作面未实现甲烷电闭锁。现场试验1406回撤通道掘进工作面甲烷传感器故障断电闭锁功能时，隔爆非本安型（电压127V）工业视频摄像头不能断电。,《煤矿重大事故隐患判定标准》第七条第二项
"有冲击地压危险，
未采取有效措施的",13214胶运顺槽掘进工作面、辅运顺槽掘进工作面处于应力冲击危险区域，采用连采工艺，双巷交替掘进作业，两个掘进工作面距离小于150米。,《煤矿重大事故隐患判定标准》第十一条第四项
煤巷掘进工作面未安设甲烷电闭锁装置,52203-2切眼掘进工作面回风串联至52202-2工作面回风顺槽回风流中，被串联巷道风流汇合处未安设甲烷、二氧化碳传感器。,《煤矿重大事故隐患判定标准》第十一条第四项
超能力组织生产,"矿井核定生产能力60万吨/年， 2023年5月份产量 15.9973万吨，6月份15.9975万吨,7月份15.9815万吨,9月份9.1032万吨，10月份，11.4829万吨,11月份10.7059万吨，截止2023年12月27日共生产原煤90.78万吨，均超过核定（设计）生产能力10%以上。",《煤矿重大事故隐患判定标准》第四条第一项
未查明采空区积水情况组织生产,矿井未查明采空区积水情况组织生产建设。通过现场调查发现矿井未采用综合手段对井田范围西侧1-2煤层采空区（2014年形成）查清积水情况，2023年12月1日绘制的采掘工程平面图和充水性图上未标注探水线、积水线和警戒线，从2023年11月6日至12月19日在此区域组织掘进1-2煤西翼回风巷和1-2煤西翼辅助运输巷。,《煤矿重大事故隐患判定标准》第九条第一项
自然发火严重，未采取有效措施,矿井5109上分层采煤工作面防灭火设计，该工作面每日喷洒阻化剂1280kg，而实际每日喷洒400至600kg，防灭火措施落实不到位。,《煤矿重大事故隐患判定标准》第十二条第一项
未实现风电、甲烷电闭锁,104回风顺槽测试瓦斯电闭锁不能实现瓦斯超限断电，违反《煤矿重大事故隐患判定标准》第八条第八项和《国务院关于预防煤矿生产安全事故的特别规定》第八条第二款第五项。,《煤矿重大事故隐患判定标准》第八条第八项
擅自进入保护煤柱掘进,矿井在掘的201探巷综掘工作面未经专项设计、安全论证及审批工作，擅自进入F1断层保护煤柱内施工。,《煤矿重大事故隐患判定标准》第十条
带式输送机保护失效,矿井一盘区胶带运输巷、西运大巷胶带输送带防打滑、跑偏、温度保护装置失效，违反《煤矿重大事故隐患判定标准》第十八条第八项和《国务院关于预防煤矿生产安全事故的特别规定》第八条第二款第十五项。,《煤矿重大事故隐患判定标准》第十八条第八项
擅自进入保护煤柱掘进,43盘区南翼与42盘区之间安全煤柱未按规定留设。《43盘区开采设计》规定盘区边界留设20米煤柱，《42盘区开采设计》规定盘区边界留设30米煤柱；4301回风巷掘进工作面已掘进1350米，从迎头起350米巷道与4201回风巷留设9米煤柱。,《煤矿重大事故隐患判定标准》第十条第三项
瓦斯检查存在假检,瓦斯检查存在假检。如12月8日零点班瓦检员张强强在副水仓瓦斯检查点未使用光学式甲烷检测仪对水仓内瓦斯进行检测，直接填报牌板数据。,《煤矿重大事故隐患判定标准》第五条第一项
超能力组织生产,矿井核定生产能力为90万吨/年，2023年1-12月共生产2150266.62吨煤，超过核定生产能力。,《煤矿重大事故隐患判定标准》第五条第一项
超能力组织生产,矿井存在超能力组织生产的情况。煤矿核定生产能力为150万吨/年，2023年10月生产原煤24.4万吨，11月生产原煤23.6万吨，均超过核定生产能力的10%。,《煤矿重大事故隐患判定标准》第四条第一项
采掘接续紧张,矿井采掘接续紧张，目前回采煤量可采期为3.5个月，未主动采取限产措施。,《煤矿重大事故隐患判定标准》第四条第三项
输送带入井前未经第三方检测,煤矿2021年11月3日购入的鹤壁煤业运输带有限责任公司钟环牌PVG阻燃带（产品编号：2021-9-544—10-611、2021-10-533—11-623），未由具备检测能力的机构抽样进行阻燃抗静电性能检测入井使用，违反《煤矿重大事故隐患判定标准》第十八条第八项。,《煤矿重大事故隐患判定标准》第十八条第八项
未实现风电、甲烷电闭锁,南翼二联巷掘进工作面未实现风电闭锁，现场试验在用的局部通风机停风后未断开工作面127V照明灯电源。,《煤矿重大事故隐患判定标准》第八条第八项
井下使用非防爆设备,矿井高压电缆中间接头防水接线盒防爆标志为EXeIICT4Gb，未取得煤矿矿用产品安全标志入井使用。,《煤矿重大事故隐患判定标准》第八条第八项
采掘工作面未按要求安设调度通讯电话,11525综采工作面安设的有线调度电话损坏，不能与调度室通话。,《煤矿重大事故隐患判定标准》第十八条第九项
自然发火严重，未采取有效措施,11525综采工作面未按照《防灭火设计》要求喷洒阻化剂。,《煤矿重大事故隐患判定标准》第十二条第一项
带式输送机保护失效,现场试验井下四部带式输送机机头驱动滚筒温度保护装置，未实现自动洒水降温动作；六部带式输送机机头温度保护装置放在皮带上，失效。,《煤矿重大事故隐患判定标准》第十八条第八项
矿井通风系统不可靠,矿井通风系不可靠，5-2煤胶运大巷与回风大巷联巷安装风窗进行调风，同时现场将风门用锚杆支撑打开调风。,《煤矿重大事故隐患判定标准》第八条第六项
未按规定足额提取、使用安全费用,矿井未按照国家规定范围使用安全生产费用，使用安全生产费用于2023年6月30日支付职业病危害现状评价款45283.02元，于2023年8月31日支付职业病风险评估报告款31132.08元。,《煤矿重大事故隐患判定标准》第十八条第二项
未按要求采取综合防灭火措施,矿井现在开采的5-2煤层为容易自燃煤层，未落实综合防灭火措施：其中50209综采工作面进风隅角处未铺设黄泥灌浆管路；50209综采进风隅角注氮管路采空区拖管未敷设到氧化带；设计每天喷洒阻化剂0.7吨，实际喷洒量不足。,《煤矿重大事故隐患判定标准》第十二条第一项
超能力组织生产,矿井1-6月份生产能力90万吨/年，2023年7月5日核定生产能力240万吨/年，1-6月单月产量均超9万吨（1月份9.14万吨，2月份22.7万吨，3月份25.3万吨，4月份15.1万吨，5月份19.1万吨，6月份24.8万吨）。,《煤矿重大事故隐患判定标准》第四条第一项
瓦斯检查漏检,现场检查矿井在50207回风顺槽砌筑调节风窗，临时作业地点，未设置瓦斯检查点。,《煤矿重大事故隐患判定标准》第五条第一项
未配齐专业技术人员,矿井未配备负责采煤、地测的专业技术人员。,《煤矿重大事故隐患判定标准》第五条第一项
未实现风电、甲烷电闭锁,现场试验辅运大巷综掘工作面的风电闭锁，不能切断该工作面内的防爆照明灯。,《煤矿重大事故隐患判定标准》第八条第八项
未严格执行探放水措施,1-2煤上西辅运大巷掘进工作面正前方无探放水钻孔。,《煤矿重大事故隐患判定标准》第九条第三项
甲烷电闭锁功能失效,未设置当掘进工作面和回风流中甲烷浓度大于3.0%时，对局部通风机进行闭锁使之不能启动的功能。,《煤矿重大事故隐患判定标准》第八条第八项
瓦斯检查漏检,瓦斯检查存在漏检。2023年12月12日早班对5-2煤东翼回风大巷掘进工作面瓦斯检查一次，违反《煤矿安全规程》每班至少检查两次的规定。,《煤矿重大事故隐患判定标准》第五条第一项
未按规定足额提取、使用安全费用,矿井未按照国家规定范围使用安全生产费用。煤矿安全费用提取使用台账显示，2023年3月份将安全费用更换银行账户时的转账手续费77919.38元、7月份将油桶处置服务费1690元作为安全生产费用支出使用。,《煤矿重大事故隐患判定标准》第十八条第二项
瓦斯超限作业,11月28日403采煤工作面回风隅角T0传感器16点36分31秒发生超限报警，最大浓度达2.2%，累计时长35秒。秦凯强、荣永亮2名职工负责回风顺槽内排水作业，未及时撤离。,《煤矿重大事故隐患判定标准》第五条第二项
未按规定安设甲烷传感器,北部区老巷已揭露近一个月，未设置人员位置监测系统、监控传感器、电话等安全设施，设计的7个永久闭墙仅施工2个，其中辅运顺槽永久闭墙处已片帮。,《煤矿重大事故隐患判定标准》第十八条第六项
未实现风电、甲烷电闭锁,223胶运机头与回风措施巷掘进工作面回风进入北部区胶运大巷，在回风流违规安设防爆兼本安型分站（不纳入断电范围）。,《煤矿重大事故隐患判定标准》第十八条第六项
带式输送机未按要求安设保护装置,主斜井带式输送机采用单滚筒驱动，温度监测装置安装在距离发热点约100mm超过10-15mm的规定。,《煤矿重大事故隐患判定标准》第十八条第八项
带式输送机保护失效,主斜井带式输送机驱动滚筒10-15m处未安装烟雾传感器。,《煤矿重大事故隐患判定标准》第十八条第八项
立井提升装置保护失效,副立井提升机闸瓦间隙超过2mm，现场值班人员、维护检修人员不清楚检测手段。,《煤矿重大事故隐患判定标准》第十八条第八项
未按规定足额提取、使用安全费用,矿井未按照国家规定范围使用安全生产费用，使用安全生产费用于2023年8月31日支付陕西安科安全生产研究所职业病危害因素检测及评价费56603.77元。,《煤矿重大事故隐患判定标准》第十八条第二项
设备失爆,3201充填工作面综掘机隔爆型照明灯隔爆外壳缺少一条固定螺栓。,《煤矿重大事故隐患判定标准》第十三条第三项
设备失爆,5211综采工作面顺槽皮带机头配电点中的1台照明综保，防爆结合面有油漆；防爆上盖中1个弹簧垫圈失去弹性（失效）；1个在用喇叭口内的密封圈有刀割的痕迹；该开关所使用共6个密封圈已全部老化失效。,《煤矿重大事故隐患判定标准》第十三条第三项
未实现风电、甲烷电闭锁,CT1综掘工作面甲烷电和风电闭锁的断电范围设置不正确。该工作面迎头设有两台防爆型摄像头（非本质安全型），当该工作面达到断电范围后，不能切断防爆摄像头的电源。,《煤矿重大事故隐患判定标准》第八条第八项
采掘接续紧张,2023年11月底煤矿剩余回采煤量为138296吨，2023年10月、11月回采工作面采煤量为4万吨、5万吨，剩余回采煤量可采期为3个月。矿井未执行制定的限产措施。,《煤矿重大事故隐患判定标准》第四条第三项
未按规定安设甲烷传感器,3304盾构机底抽巷掘进工作面有4台钻机施工穿层防突措施钻孔，其中3台钻机的回风侧10m范围内未设置甲烷传感器。,《煤矿重大事故隐患判定标准》第十八条第六项
未实现风电、甲烷电闭锁,3304盾构机底板巷掘进工作面风筒传感器悬挂不规范，两个磁吸感应点垂直悬挂，中部连接装置损坏，导致工作面停风时风筒传感器无法切断断电区域内全部非本质安全型电气设备电源，风电闭锁功能失效。,《煤矿重大事故隐患判定标准》第八条第八项
未实现甲烷电闭锁,5号煤回风巷内沿底板向总回方向敷设有高压铠装电缆。未实现甲烷电闭锁。,《煤矿重大事故隐患判定标准》第八条第五项
图实不符,矿井采掘工程平面图、巷道布置图与实际不符，未标注5号煤西侧大巷末端采Y-9采空区，Y-8、Y-6、MB003、MB004实际巷道等情况；矿井供电系统图未标注由中央变电所后门进入回风的电缆。,《煤矿重大事故隐患判定标准》第十八条第五项
采掘接续紧张,矿井设计生产能力60万吨/年，现5-2煤回采煤量为9.3万吨，可采期1.74月，小于4个月的最小可采期要求，5-2煤层采掘接续紧张。,《煤矿重大事故隐患判定标准》第四条第三项
设备失爆,2107进风顺槽掘进工作面一个应急广播接线盒失爆。,《煤矿重大事故隐患判定标准》第十三条第三项
通风系统不完善、不可靠。,运输大巷一部胶带运输机处的进、回风巷之间安设的无压风门，两扇门有0.3间距不能自动关闭。,《煤矿重大事故隐患判定标准》第八条第六项
使用明令禁止的淘汰设备,采区运输巷永久密闭墙埋设非阻燃塑料管向采空区排放水仓清淤污水。,《煤矿重大事故隐患判定标准》第八条第六项
未实现风电、甲烷电闭锁,11月24日，南翼6联巷掘进工作面因施工层位探查钻孔造成瓦斯超限2次，最大浓度1.67%，断电范围内的低压断电器（02C01）因信号传输故障，在瓦斯浓度未降至1%以下时提前复电。,《煤矿重大事故隐患判定标准》第八条第八项
瓦斯检查假检,改线轨道巷一联巷风门之间巷道高冒区、密闭墙内甲烷浓度检查存在假检，现场检查时发现人员无法进入检查区域检查密闭墙检测口甲烷浓度。,《煤矿重大事故隐患判定标准》第五条第一项
压风、供水自救装置无风、无水,4416回风巷维修作业点设置的压风供水自救装置无风、无水。,《煤矿重大事故隐患判定标准》第十八条第九项
未按规定足额提取、使用安全费用,安全生产费用提取使用不规范。煤矿安全费用提取使用制度规定：“安全生产费用使用不足时，可先期借用，保证安全生产”，未按规定于年末补提企业安全生产费用；使用台账显示，矿井将棉被、擦车毛巾等支出列入安全费用使用列支。,《煤矿重大事故隐患判定标准》第十八条第二项
超能力组织生产,矿井设计（核定）生产能力120万吨/年，安全费用提取台账显示，2022年3月，矿井原煤产量13.58万吨，月原煤产量大于核定（设计）生产能力的10%。,《煤矿重大事故隐患判定标准》第四条第一项
安全出口不畅通,ZC1102工作面上下出口不畅：上出口行人宽度约0.3米，下出口行人过桥处高度约1.5米。,《煤矿重大事故隐患判定标准》第十三条第五项
带式输送机保护失效,ZF1401胶带顺槽滚筒驱动带式输送机全长约900m，机头、机尾各安装一组跑偏保护装置，机头跑偏保护装置安装超过托辊端部20mm，约20cm，机尾跑偏保护装置未固定牢固，已滑落，保护失效，机头滚筒处温度监测装置安装位置错误，电阻式传感器探头未朝向滚筒，朝向皮带架一侧；ZF1409回风顺槽铺设的皮带运输机温度传感器安装在机头架外。,《煤矿重大事故隐患判定标准》第十八条第八项
双回路不完善,澄城县安里煤业有限责任公司电源线路一个回路为110kV安里变张卓线直供煤矿（主供）；另一回路由110kV尧山变电站在尧邓线路26-27#杆T接分出两路，其一路至35kV硫磺矿变电站，然后直供煤矿（备用），供电容量为1250KVA，不能满足煤矿2230KVA供电需求。,《煤矿重大事故隐患判定标准》第十八条第八项
未实现风电、甲烷电闭锁,520110主运顺槽、辅运顺槽掘进工作面甲烷电闭锁装置不具备以下功能：局部通风机停止运转，掘进工作面及回风流甲烷浓度达3％，实现对局部通风机的闭锁功能。,《煤矿重大事故隐患判定标准》第八条第八项
掘进工作面局部通风机未实现瓦斯点闭锁和风电闭锁,407回风顺槽未安设风筒传感器，局部通风机未实现风电闭锁和瓦斯电闭锁。,《煤矿重大事故隐患判定标准》第七条第二项
瓦斯检查假检,瓦检员未按矿井制定的瓦斯巡检计划和巡回检查图表规定的时间开展瓦斯检查，抽查12月4日夜班瓦检员行走轨迹和瓦斯检查手册，存在瓦斯假检现象。,《煤矿重大事故隐患判定标准》第五条第一项
安全出口不畅通,405综采采煤工作面不能保证2个畅通的安全出口，一个通到进风巷道，另一个通到回风巷道。405综采工作面下端头安全出口被刮板输送机机头堵死。,《煤矿重大事故隐患判定标准》第十三条第五项
瓦斯检查漏检,主运输大巷与42104综采工作面回风顺槽口交叉处存在一处高冒区（长3米，高0.8米）未设置瓦斯检查牌板，现场未安装甲烷传感器。,《煤矿重大事故隐患判定标准》第五条第一项
带式输送机保护失效,井下带式输送机防跑偏保护整体失效。防跑偏保护装置安装距托辊边沿均超过20mm。,《煤矿重大事故隐患判定标准》第十八条第八项
超能力组织生产,矿井核定生产能力为90万吨/年，10月份产量为126788吨，截止11月28日，11月份产量为115748吨，均超出矿井年核定生产能力的10%。,《煤矿重大事故隐患判定标准》第四条第一项
安全出口不畅通,"煤矿制定的《操作规程》中要求，安全出口宽度不小于 0.7m,与煤矿安全规程综采工作面安全出口宽度不小于1m不符；现场检查01回煤柱工作面机头行人侧宽度0.5m。",《煤矿重大事故隐患判定标准》第四条第一项
瓦斯检查漏检,月度瓦斯检查点设置计划未将三盘区回风巷纳入检查范围。,《煤矿重大事故隐患判定标准》第五条第一项
探放水不到位,4304工作面运输顺槽超过允许掘进安全距离进行掘进作业。《4304工作面掘进巷道超前探测成果报告》上一循环测点位于4304工作面运输顺槽330处，允许掘进70米，下一循环测点位于4304工作面运输顺槽460处。超出允许安全掘进距离60米。,《煤矿重大事故隐患判定标准》第九条第三项
探放水不到位,4304两巷掘进时临近4303采空区、4305采空区，未对4303采空区、4305采空区富水情况进行探测分析，掘进时未针对采空区富水情况是否需要探放水进行说明，未根据采空区情况划定“积水线、探水线、警戒线”，未按照国家规定探放水进行掘进作业。,《煤矿重大事故隐患判定标准》第九条第三项
未按规定足额提取、使用安全费用,矿井按照产量报表产量提取安全费用，未按照矿井实际产量提取。,《煤矿重大事故隐患判定标准》第十八条第二项
未按规定安设甲烷传感器,11525综采工作面回风巷安设两台潜水电泵，仅在1处安设甲烷传感器，且未安装在上风侧。,《煤矿重大事故隐患判定标准》第七条第二项
超能力组织生产,矿井核定生产能力120万吨，1月份、3月份、4月份、6月份、7月份每月原煤产量分别为128458.18、143657.87、244210.11、173750.09、160458.56吨，均大于矿井年核定生产能力的10%。,《煤矿重大事故隐患判定标准》第四条第一项
井下使用非防爆设备,2023年1月13日检查时，早班职工索亚飞携带牛王公司生产的、未取得煤矿矿用产品安全标志的型号为A57-1的LED灯入井作业。,《煤矿重大事故隐患判定标准》第十三条第二项
超能力组织生产,一盘区02回煤柱综采工作面9月份原煤产量为58299t;10 月份原煤产量为65196t。矿井核定生产能力为45万吨/年，两个月产量均超出矿井年核定生产能力的10%。,《煤矿重大事故隐患判定标准》第四条第一项
采掘接续紧张未制定限产措施,检查时煤矿回采煤量为3.1万吨，回采期不足1个月，未按之前制定的限产措施进行限产。,《煤矿重大事故隐患判定标准》第四条第三项
采掘接续紧张未执行限产措施,矿井“三量”中的回采煤量可采期不足4个月，开拓煤量不足3年，于2023年9月25日制定了限产措施，但至今未执行。,《煤矿重大事故隐患判定标准》第四条第三项
瓦斯检查假检,查通风瓦斯日报表，瓦斯检查工刘森林2023年11月22日夜班12208运输顺槽掘进工作面两次气体检查时间分别为00：28、4：01，查井下人员定位系统，该时间段内工作面无刘森林活动轨迹，视频显示，12208辅运顺槽掘进工作面检查瓦斯时，未进行气体检查，直接填写牌板和手册。,《煤矿重大事故隐患判定标准》第五条第一项
井下机电设备失爆,12206运输巷皮带机头配电硐室高爆开关防爆结合面使用的弹簧垫圈失效。,《煤矿重大事故隐患判定标准》第十三条第三项
带式输送机保护失效,二部带式输送机采用双滚筒驱动，驱动滚筒处安装的温度传感器距离发热点处约为55mm，超过10-15mm的要求。,《煤矿重大事故隐患判定标准》第十三条第三项
带式输送机保护失效,井下电滚筒胶带机超温洒水温度传感器安设在该驱动滚筒侧面，未安装在驱动滚筒与带面分离处。,《煤矿重大事故隐患判定标准》第十三条第三项
水害防治不到位,矿井井田范围内、井田边界周围存在未查清的采空区、老窑。采掘工程平面图未将积水范围及三线在采掘工程平面图上绘制。,《煤矿重大事故隐患判定标准》第十三条第三项
未实现风电、甲烷电闭锁,南翼胶辅3号联络巷临时配电点安设在南翼胶运、南翼辅运掘进工作面回风流中，未实现风电闭锁、甲烷电断电闭锁功能。,《煤矿重大事故隐患判定标准》第八条第八项
通风系统不可靠，未实现专用回风巷功能,304盘区专用回风巷内安装1台1140V潜水泵。,《煤矿重大事故隐患判定标准》第八条第五项
安全出口不畅通,2412综放工作面随回采两巷高差变小、工作面斜长变短，工作面两端头行人通道宽度不足0.8米，采煤工作面不能保证两个安全出口畅通。,《煤矿重大事故隐患判定标准》第十三条第五项
防冲限员制度执行不严,2412综放工作面生产期间，有人进入回风巷超前300m范围处理水沟淤堵，未按亭南煤矿防冲限员规定“生产作业期间限员区域禁入人员”要求执行。,《煤矿重大事故隐患判定标准》第十一条第五项
井下机电设备失爆,三采区2#联络巷127V低压防爆接线盒电源线密封圈未压紧，轴拉电缆串动。,《煤矿重大事故隐患判定标准》第十三条第三项
瓦斯检查漏检,采掘工作面检修班只检查一次瓦斯。,《煤矿重大事故隐患判定标准》第五条第一项
未按规定足额提取、使用安全费用,煤矿安全费用支出不规范，2023年3月将购买防爆装载机支出纳入安全费用。,《煤矿重大事故隐患判定标准》第十八条第二项
瓦斯检查假检,2023年8月24日8点班现场检查时，瓦检员李顺利已将回风立井联巷坡头密闭处16点班的瓦斯检查数据填写至瓦斯检查牌板。,《煤矿重大事故隐患判定标准》第五条第一项
未按规定安设甲烷传感器,3302回风顺槽回风联巷高冒处未设置瓦斯监测点。,《煤矿重大事故隐患判定标准》第七条第二项
超能力组织生产,矿井核定产能45万吨/年，检查发现9月份生产原煤112073吨，10月份生产原煤115340吨，超过核定产能的10%。,《煤矿重大事故隐患判定标准》第四条第一项
造假，包裹传感器,回风平硐一氧化碳和烟雾传感器用塑料布包裹，靠帮吊挂距顶板1m处位置。,《煤矿重大事故隐患判定标准》第十八条第六项
掘进工作面风电闭锁功能失效,2409运输巷掘进工作面安装的FBD.No6.3型2*22KW局部通风机的风筒末端未安装风筒传感器，风电闭锁失效。,《煤矿重大事故隐患判定标准》第八条第八项
未按规定足额提取、使用安全费用,矿井因人员流失，未能提供2023年安全费用提取台账和使用台账，无费用使用计划，也无专人管理。,《煤矿重大事故隐患判定标准》第十八条第二项
图实不符,5.2023年9月份陕西省一三一煤田地质有限公司编制的《北关煤矿隐蔽致灾因素普查报告》地形地质及井上下对照图与矿井的采掘工程平面图不符。如：地形地质及井上下对照图无越界巷道。采掘工程平面图无5101综采工作面原有巷道。矿井综合水质地质图绘制不全，未将1501工作面采空区绘制图中。5101综采工作面南部区域普查与实际情况不符。,《煤矿重大事故隐患判定标准》第九条第一项
未配备专业技术人员,专业技术人员配备不足，仅通风科有1名技术人员，其他专业无技术人员。,《煤矿重大事故隐患判定标准》第十八条第一项
未按规定足额提取、使用安全费用,2023年月度原煤产量计算不准确，采煤工作面未按采高1.3m计算产量，掘进工作面未按巷道高度2.6m计算产量，同时由于月度原煤产量计算不准确，导致安全费用未按实际原煤产量提取。,《煤矿重大事故隐患判定标准》第十八条第二项
双回路供电不完善,白水县城关镇北关煤业有限责任公司电源线路一个回路为110kV杜康变125上徐线山头支线山头南分支5#T接（备用）；陕西省白水龙泉煤炭有限责任公司电源线路一个回路为110kV杜康变123北关线02号北关线开闭所（单电源进线，专为北关、龙泉、烽源三个煤矿进行供电）北关出线柜间隔送出的架空+电缆专用线路（主供）。,《煤矿重大事故隐患判定标准》第十八条第二项
整体承包后未重新办理安证,矿井与山西华融龙宫煤业有限责任公司签订托管合同后，未重新办理安全生产许可证。,《煤矿重大事故隐患判定标准》第十七条第三项
未按规定足额提取、使用安全费用,矿井未按规定范围使用安全生产费用，2023年8月份安全生产费用中包含彩钢顶、超前液压支架、无轨胶轮车购置和暖气安装等非项目费用。,《煤矿重大事故隐患判定标准》第十八条第二项
风门连锁失效，风流短路,1312回顺联巷与2#煤盘区专用回风巷间设置风门，该风门连锁失效，且在通风系统图未标注。,《煤矿重大事故隐患判定标准》第八条第六项
超层越界开采,5101综采工作面向西南方向越界200米（2023年7月份白水县自然资源局查处，目前未处理完成）。,《煤矿重大事故隐患判定标准》第十条第二项
未实现风电、甲烷电闭锁,4-3煤辅运大巷掘进工作面与4-3煤胶运大巷掘进工作面的混合回风流中安设有刮板输送机，未安装甲烷传感器并实现甲烷电闭锁。,《煤矿重大事故隐患判定标准》第八条第八项
未实现风电、甲烷电闭锁,未设置当掘进工作面和回风流中甲烷浓度大于3.0%时，对局部通风机进行闭锁使之不能启动的功能。,《煤矿重大事故隐患判定标准》第八条第八项
自然发火严重，未采取有效措施,矿井采用阻化剂+注氮综合防灭火措施，阻化剂仅对“两道、两线”进行喷洒，未对工作面遗煤超厚部分进行喷洒。,《煤矿重大事故隐患判定标准》第十二条第一项
超能力组织生产,矿井核定生产能力为180万吨/年，2023年10月份生产原煤211060吨，超过核定生产能力的10％。,《煤矿重大事故隐患判定标准》第四条第一项
带式输送机胶带入井前未经三方检测,井下在用的1400mm胶带入井前无第三方出具的阻燃和抗静电性能试验。,《煤矿重大事故隐患判定标准》第十八条第八项
未按规定足额提取、使用安全费用,煤矿安全费用使用不规范，将装载机购置费用、电梯检验维保费、填充站技术服务费等纳入使用范围。,《煤矿重大事故隐患判定标准》第十八条第二项
超能力组织生产,矿井1-6月份、9-10月份每月原煤产量分别为195.02、216.28、206.33、211.1、210.67、230.61、194.23、217.01万吨，均大于矿井核定生产能力的10%（即180万吨）。,《煤矿重大事故隐患判定标准》第四条第一项
超能力组织生产,矿井8至11月份产量分别为10.4万吨、12.07万吨、9.05万吨、14.2万吨，超过年核定生产能力60万吨的10%。,《煤矿重大事故隐患判定标准》第四条第一项
未实现风电、甲烷电闭锁,24312运输顺槽扩帮维修巷回风进入24312回风顺槽，24312运输顺槽扩帮维修巷甲烷传感器不能切断24312回风顺槽掘进工作面动力电源。,《煤矿重大事故隐患判定标准》第八条第八项
带式输送机保护失效,李家沟井底一号、二号回风巷在用的三部带式输送机多处保护装置失效：李家沟井底一号回风巷带式输送机带式输送机温度监测装置无传感器探头；李家沟井底二号回风巷掘进工作面三部带式输送机温度监测装置未安装，扔在在底板上。,《煤矿重大事故隐患判定标准》第十八条第八项
通风系统不完善、不可靠。,一采区运输联巷风门上方墙体破碎漏风，风门连锁不可靠，两道正向风门可以同时打开；轨道下山第7#风门回风侧风门变形，无法正常关闭。,《煤矿重大事故隐患判定标准》第八条第六项
监控系统不能正常运行,安全监控系统运行不可靠。检查15#监测分站连接的第13、14路模拟信号、6#监测分站第2路模拟信号在地面中心站在分站定义界面未显示定义；3102运输顺槽掘进工作面粉尘传感器长期显示为0，无变化；抽查10月、11月总回风巷甲烷传感器数据为0%，现场便携式甲烷检测仪测量数据为0.2%。,《煤矿重大事故隐患判定标准》第十八条第六项
未按规定足额提取、使用安全费用,2022年按照煤炭销售量提取安全费用，且安全费用提取与使用金额与基础数据管理平台数据不一致。2022年安全费用提取与使用表中显示：8月原煤产量1.2万吨未提取安全费用。,《煤矿重大事故隐患判定标准》第十八条第二项
未配齐探放水人员,矿井未设置专职地测、防治水专业技术人员。地测科技术员宋浩在探放水队兼任技术员。,《煤矿重大事故隐患判定标准》第十八条第一项
排水设施不完善,矿井二水平辅助水平4-3、4-4煤层431盘区已于2019年8月份建设完成，并开始薄煤层开采，现有二水平临时强排系统及各主要设施均能满足安全开采需要；目前二水平主水平开拓工程正在按照备案设计组织施工，但未正式建成二水平主水平永久排水系统等设施。,《煤矿重大事故隐患判定标准》第九条第七项
采掘接续紧张,矿井采掘接续紧张，矿井核定生产能力150万吨/年，目前矿井回采煤量仅为47万吨，准备煤量不足。,《煤矿重大事故隐患判定标准》第四条第一项
钻机下风侧未安设甲烷传感器,3310综放工作面回风顺槽钻机施工处，巷道落底有人作业未安设甲烷传感器。,《煤矿重大事故隐患判定标准》第七条第二项
安全出口不畅通,2#煤盘区南翼专用回风巷测风站位置巷道失修、底鼓严重；变电所专用回风巷、总回风巷底鼓严重，通风断面不够，失修严重，且矿井在进行采掘作业。,《煤矿重大事故隐患判定标准》第八条第四项
超能力组织生产,矿井核定生产能力90万吨/年，截止2023年11月28日已生产原煤134.5万吨。,《煤矿重大事故隐患判定标准》第四条第一项
通风系统不可靠，未实现分区通风,5105工作面安装通道与51采区回风巷直接连通，无通风设施，通风系统不合理，51采区的北翼回风通过5105回风顺槽进入东回风巷。,《煤矿重大事故隐患判定标准》第八条第四项
整体承包后未重新办理安证,矿井2023年10月19日完成建设项目竣工验收核查，与陕西中魁建筑有限公司达成托管协议后，未重新办理安全生产许可证。,《煤矿重大事故隐患判定标准》第十六条
瓦斯检查漏检,暗斜井平台双速绞车、防跑车装置电机处、3201切眼有一超高处未设置瓦斯检查点。,《煤矿重大事故隐患判定标准》第五条第一项
瓦斯检查假检,1019综采工作面瓦斯检查员未按规定使用光学瓦斯检测仪检查瓦斯，采用检查地点的甲烷传感器数据填写牌版，检查手册未填写具体检查时间，瓦斯检查牌板填写的二氧化碳浓度0.02%，低于空气中二氧化碳浓度0.04%，工作面回风口瓦斯牌板填写0.08%，数据失真。,《煤矿重大事故隐患判定标准》第五条第一项
未查明水文地质条件、采空区、废弃老窑积水等，生产建设,2023年9月陕西省一三一煤田地质有限公司编制的《龙泉煤矿隐蔽致灾因素普查报告》，5#煤层防治水“三区”管理图显示51采区北部为采空区，与煤矿实际情况不符，该隐蔽致灾因素普查报告对该区域未普查清楚。,《煤矿重大事故隐患判定标准》第九条第一项
未配备专业技术人员,矿井配备技术人员不足。采煤技术员1人；掘进技术员2人，其中1人无证；机电技术员2人，2人无证；通风技术员1人；地测技术员2人，其中1人无证；无防治水技术员。提升司机特种作业人员配备6人，2人有资格证，其余4人已复审通过考试，尚未取得资格证。,《煤矿重大事故隐患判定标准》第十八条第一项
双回路供电不完善,陕西省白水龙泉煤炭有限责任公司电源线路一个回路为110kV杜康变123北关线02号北关线开闭所（单电源进线，专为北关、龙泉、烽源三个煤矿进行供电）龙泉煤业出线柜间隔送出的架空+电缆专用线路，另一个回路为110kV杜康变121杜康线景家支线01#杆T接；副立井底变电所二号电源进线电缆为粗钢丝铠装电缆，外层无绝缘护套，钢丝已锈蚀严重；51采区水泵房目前只有一路供电系统，需要完善另一路供电系统。,《煤矿重大事故隐患判定标准》第十八条第一项
采掘接续紧张,2023年11月14日检查时，3403综放工作面剩余可采长度370m，3407接续工作面尚未形成，按矿井核定生产能力平均日推进度4m计算，回采煤量剩余可采期为3.7个月，不符合回采煤量可采期不得少于4个月的规定，且未主动采取限产或者停产措施。,《煤矿重大事故隐患判定标准》第四条第三项
造假，伪造记录,矿井微震监测系统显示，2023年5月4日、9月1日在3406工作面前方320m、3403工作面前方300m处分别发生1.10×104 J、1.30×104 J单个大能量事件，查阅《正通煤业冲击地压防治综合日报表》，表中无上述两次大能量事件记录。,《煤矿重大事故隐患判定标准》第十八条第五项
再次转包,煤矿自进入联合试运转（2023年6月15日）后，与各掘进队、采煤队、维修队队长通过口头约定将巷道掘进和井巷维修作业承包给王祖学掘进队、孙海平采煤队、李明祥掘进，李恕发维修队，工程款结算给各队长，由队长向工人发放工资。,《煤矿重大事故隐患判定标准》第十六条第五项
擅自破坏边界安全煤柱,新兴煤矿擅自破坏边界安全煤柱。2023年8月1日起在5101材料运输巷北侧4号密闭与5号密闭之间距5号密闭约30m处，从底板向下掘进矩形巷道，断面为2m×1.8m，掘进17m后与已关闭的原白水煤矿老巷贯通。,《煤矿重大事故隐患判定标准》第十条第三项
通风系统不完善、不可靠。,矿井3251回风风门是主运输大巷、主回风巷之间联络巷间的风门，现场仅安设1道风门。,《煤矿重大事故隐患判定标准》第八条第六项
条带开采工作面未安设甲烷传感器并实现甲烷电闭锁,3116条带充填开采工作面切眼临时排水点水泵开关安设在排水点回风流上风侧10m处，未安设甲烷传感器并接入工作面断电条件范围。,《煤矿重大事故隐患判定标准》第七条第二项
造假，图纸作假、隐瞒采掘工作面,煤矿图纸作假、隐瞒采掘工作面。煤矿采掘工程平面图、通风系统图、巷道布置图等图纸中未如实填绘6101掘进工作面；提供虚假信息、隐瞒下井人数，李明祥掘进队工人8月份入井作业21人，16人无定位卡，占比76%，9月份入井作业18人，13人无定位卡，占比72%，无入井检身记录。,《煤矿重大事故隐患判定标准》第十八条第五项
未按规定足额提取、使用安全费用,矿井未按照国家规定范围使用安全生产费用，使用安全生产费用于2023年8月31日支付当月防治水工程人员工资150000元，于9月20日支付当月防治水工程人员失业保险651元、住房公积金4650元，于9月30日支付当月防治水工程人员工资145000元、养老保险14880元，于10月27日支付当月防治水工程人员失业保险651元、住房公积金4650元，于10月30日支付当月防治水工程人员工资140000元、养老保险14880元。,《煤矿重大事故隐患判定标准》第十八条第二项
带式输送机保护失效,井下在用皮带保护装置不全：5号煤带式输送机装设温度保护装置传感器位置不正确和自动洒水装置不具备实时监测功能的自动灭火功能；跑偏装置未安装在专用支架上，急停不灵敏。5号运输大巷皮带机机头堆煤保护不灵敏，皮带中间有一个跑偏装置失效。,《煤矿重大事故隐患判定标准》第十八条第八项
瓦斯检查漏检,3111采煤工作面夜班无人作业，矿井未对工作面甲烷、二氧化碳浓度进行检查。,《煤矿重大事故隐患判定标准》第五条第一项
自然发火严重，未采取有效措施,3111采煤工作面阻化剂喷洒软管被用来给风泵供风；黄泥灌浆管路未深入采空区。,《煤矿重大事故隐患判定标准》第十二条第一项
井下使用非防爆设备,3111采煤工作面使用非防爆手持式电钻施工吊挂眼。,《煤矿重大事故隐患判定标准》第十三条第二项
未按要求进行探放水作业,主斜井井筒掘进期间未按探放水设计要求进行探放水作业，探放水管理牌板显示11月6日最后一次实施钻探作业，现场未看到钻孔，无视频验证资料，钻杆无近期内使用迹象（主斜井探水钻机钻杆为新钻杆，螺丝处包装未拆除；副斜井探水钻机钻杆锈蚀严重）。,《煤矿重大事故隐患判定标准》第九条第三项
未按要求装设有线调度电话,主斜井掘进工作面未安设直通矿调度室的有线调度电话。,《煤矿重大事故隐患判定标准》第九条第三项
未按要求装饰瓦斯传感器,中央变电所回风巷3处排水点、皮带运输大巷回风流1处排水点电气设备未安装瓦斯传感器。,《煤矿重大事故隐患判定标准》第九条第三项
瓦斯检查漏检,检查时发现11月22日八点班3121采煤工作面、回风瓦斯检查牌板未填写，瓦斯检查存在漏检。,《煤矿重大事故隐患判定标准》第五条第一项
未配备专业技术人员,专业技术人员配备不足，只有1名采掘专业技术人员，其他专业无技术人员。,《煤矿重大事故隐患判定标准》第十八条第一项
超能力组织生产,矿井核定生产能力为1.8Mt/a，2023年9月份生产原煤25.4万吨，10月份生产原煤29.1万吨，11月份生产原煤20万吨，均超过核定生产能力的10％。,《煤矿重大事故隐患判定标准》第四条第一项
使用明令禁止的淘汰设备,主立井箕斗装载为老虎口式主井箕斗装载设备，属于2016年淘汰落后安全技术工艺设备目录产品（安监总科技〔2016〕137号，2016年12月16日发布），发布1年后禁止使用，推荐可代替技术装备为给煤机式主井箕斗定重装载自动化系统。,《煤矿重大事故隐患判定标准》第四条第一项
设备失爆,四部胶带输送机145#架处接线盒挡板锈蚀。,《煤矿重大事故隐患判定标准》第十三条第三项
双回路供电不完善,白水县鸿森煤业有限责任公司电源线路一个回路为35kV西固变129鸿森间隔送出的架空+电缆专用线路，另一个回路为35kV西固变125西固Ⅱ线马咀支线32#杆T接。129鸿森线66#杆直接出一路线至矿井主斜井配电点。,《煤矿重大事故隐患判定标准》第十三条第三项
安全出口不畅通,2205综采工作面安全出口不畅通，工作面长期停产，工作面进风测安全出口高度仅有1m，回风侧安全出口高度仅有1.5m。,《煤矿重大事故隐患判定标准》第十三条第五项
未按规定足额提取、使用安全费用,矿井安全费用未按规定使用，例如将2023年8月10日购买矿用刮板运输机800000元；2023年7月27日购买电工专用工具；购买油漆、轴承等列入安全费用。,《煤矿重大事故隐患判定标准》第十八条第二项
自然发火严重，未采取有效措施,12606综采工作面阻化剂喷洒系统缺少支管，无法对切眼浮煤进行喷洒防灭火，且未按防灭火设计定期注氮。,《煤矿重大事故隐患判定标准》第十二条第一项
超能力组织生产,矿井核定生产能力30万吨/年，1-3月、8-9月超能力生产，1月份产量87559吨，2月份产量86075吨，3月份产量77519吨，8月份产量96816吨，9月份产量96017吨。1-10月份产量571711吨。（1-3月份工贸局已处理）。,《煤矿重大事故隐患判定标准》第四条第一项
造假，图纸作假、隐瞒采掘工作面,（1）图纸作假，虚假绘制工作面进度：矿井提供的2023年9月1日和11月1日采掘工程平面图显示17103综采工作面回采进度为385m、510m，经核实实际回采进度为612.6m、1032.6m；（2）总经理、总工程师履行安全生产岗位责任制及管理制度时弄虚作假：①总经理杨俊刚2023年10月16日零点班带班期间未实际入井，而是由他人携带其人员位置监测标识卡入井；11月15日零点班带班期间人员位置监测系统显示其15日8时5分升井，查矿井工业视频，其升井时间为当日6时50分。②总工程师高祚2023年10月13日零点班带班期间人员位置监测系统显示其13日8时7分升井，查矿井工业视频，其升井时间为当日6时55分。,《煤矿重大事故隐患判定标准》第十八条第五项
超能力组织生产,矿井2023年6、7、9、10月原煤产量分别为75649.9吨、153242.4吨、127359.5吨、149786.9吨，均超过矿井核定生产能力（60万吨/年）的10%。,《煤矿重大事故隐患判定标准》第四条第一项
造假，包裹传感器,查看该矿工业视频发现，9月30早班两名工人在永久避难硐室包裹CO传感器进气口，11月15日对举报案件进行入井核查时，在核查组人员到达避难硐室前4分钟拆除了此包裹物，致使该传感器不能真实监测安装点一氧化碳浓度。,《煤矿重大事故隐患判定标准》第十八条第六项
再次转包,煤矿分别将10#煤二采区运输巷下山、回风巷下山、辅助运输巷、21102回风巷、21102运输巷的掘进施工，10510采面切眼及第三条切眼、回风巷的掘进施工，10#煤辅运巷整修、10#煤泵房及吸水井建设、10#煤回风通道整修等巷道掘进和井巷维修作业通过签订施工合同承包给掘进一队、掘进二队、掘进三队、掘进五队，工程款结算给各队长，并由队长向工人发放工资。,《煤矿重大事故隐患判定标准》第十六条第五项
超层越界开采,5#煤一采区10509高档普采工作面下部约一半区域、10509炮采工作面、10509里探煤巷、10509外探煤巷，10#煤21101综采工作面运输巷里段近三分之二的巷道，均超出采矿许可证载明的坐标控制范围之外。,《煤矿重大事故隐患判定标准》第十六条第五项
造假，图纸作假、隐瞒采掘工作面,煤矿图纸作假、隐瞒采掘工作面。煤矿采掘工程平面图、通风系统图、巷道布置图等图纸中未如实填绘10509高档普采工作面、10509炮采工作面、10509里探煤巷、10509外探煤巷。隐瞒区域未安装监测监控系统、人员位置监测系统。,《煤矿重大事故隐患判定标准》第十八条第五项
带式输送机保护失效,110B综放工作面运顺带式输送机堆煤保护设置的煤位传感器位置高于卸载滚筒下沿约300mm，水平位置距离卸载滚筒外沿约350mm，且发生堆煤后触及不到传感器，造成保护失效。,《煤矿重大事故隐患判定标准》第十八条第七项
采掘接续紧张,该矿2023年4月20日针对采掘接续紧张情况制定了限产措施，5月、7月、8月、9月22313综放工作面执行限产措施不到位，日推进度均超出了矿井限产措施的规定，2023年10月25日检查时22313综放工作面剩余可采长度324米，计算回采煤量剩余可采期为3.83个月，不符合回采煤量可采期不得少于4个月的规定。,《煤矿重大事故隐患判定标准》第四条第三项
未实现风电、甲烷电闭锁,安全监控系统显示，2023年10月17日辅运大巷正掘工作面局部通风机共停止运转5次，单次时间最长达54分2秒，均未能切断巷道内非本安电气设备电源。,《煤矿重大事故隐患判定标准》第八条第八项
造假，包裹传感器,2023年10月17日现场检查发现，矿井采用硅胶手套包裹总回风巷测风站处一氧化碳传感器，致使其不能真实监测安装点一氧化碳浓度。,《煤矿重大事故隐患判定标准》第十八条第六项
超能力组织生产,矿井核定生产能力45万吨/年，2023年9月份实际生产原煤11.7万吨，10月份（截至10月15日）实际生产原煤6.6万吨，均大于核定生产能力的10%；2023年10月15日事故发生前矿井回采煤量2.2万吨，可采期小于4个月，未主动采取限产或者停产措施，仍然组织生产。,《煤矿重大事故隐患判定标准》第四条第一项、《煤矿重大事故隐患判定标准》第四条第三项
擅自开采保护煤柱,煤矿擅自开采保安煤柱：矿井在51101综采工作面上方一处住户房屋未拆除的情况下，工作面直接推采过该处房屋，造成房屋损坏。,《煤矿重大事故隐患判定标准》第十条第三项
造假，包裹传感器,检查时，矿井采用避孕套包裹二盘区回风巷测风站处一氧化碳传感器，致使其不能真实监测安装点一氧化碳浓度。,《煤矿重大事故隐患判定标准》第十八条第六项
超能力组织生产,矿井核定生产能力500万吨/年，查看大梁湾煤矿月度井巷工程量月度收尺报表及产量统计资料，2023年4月份产量60.41万吨、6月份产量52.56万吨、7月份产量62.89万吨、8月份产量60.67万吨、9月份产量55.60万吨，以上5个月的原煤产量均大于核定生产能力的10%。,《煤矿重大事故隐患判定标准》第四条第一项
通风系统不可靠，未形成完整通风系统,采区通风系统不可靠。采区皮带巷(进风)与采区回风巷(回风)之间联络巷失修严重，断面不足0.5㎡，无法行人，现场实测不出风量，未形成完整通风系统，相邻有3115综采工作面和3114运输巷掘进工作面进行采掘作业。,《煤矿重大事故隐患判定标准》第八条第四项
排水系统未形成组织掘进作业,矿井正在建设二期工程，永久排水系统未按设计建成，9月3日开始掘进三期工程中央带式输送机大巷至101工作面带式输送机顺槽的运煤通道（2#联络巷），检查时已掘进59.8m。,《煤矿重大事故隐患判定标准》第九条第七项
超头面布置,9月15至19日，井下2-2煤一盘区西翼布置221辅胶顺槽、221辅胶顺槽反掘、221胶运机头硐室等3个煤巷掘进工作面同时作业。,"《煤矿重大事故隐患判定标准》第四条第四项"
未实现风电、甲烷电闭锁,该矿井下T4移动变电站10KV电源线路有40米布置在30203辅运顺槽掘进工作面（煤巷）回风区域里，该工作面甲烷电、风电闭锁装置动作后不能切断10KV电源线路。,《煤矿重大事故隐患判定标准》第八条第八项
擅自开采保护煤柱,矿井12301已采工作面外段存水巷约1700m、12303-2和12304-2措施巷及延伸段约470m布置在大巷保安煤柱内，未经安全论证和审批。,《煤矿重大事故隐患判定标准》第十条第三项
超能力组织生产,矿井核定生产能力3Mt/a，查看7月份矿井原煤产量报表，2023年7月生产原煤301890吨，单月原煤产量大于核定产能的10%。,《煤矿重大事故隐患判定标准》第四条第一项
擅自开采保护煤柱,该矿堡涯村保护煤柱宽度243米，5103综采工作面运输顺槽已进入该保护煤柱约200米，未进行正规设计、安全论证和审批。,《煤矿重大事故隐患判定标准》第十条第三项
采煤工作面超定员20%以上,查阅人员定位系统，发现2023年9月9日8点班1310综放工作面面内作业人数为24人，面外作业人数为27人，1310综放工作面及两巷该班次作业人数共51人。2023年9月9日8点班1310综放工作面单班作业人数超过国家限员规定采煤工作面检修班最大限员人数40人的27.5%。,《煤矿重大事故隐患判定标准》第四条第六项
通风系统不可靠，未实现专用回风巷功能,矿井回风下山（专用回风巷）进行巷道维修作业，在四联巷处布置使用绞车运料，巷道维修时，未停止相邻区域3306回风顺槽掘进工作面掘进作业。,《煤矿重大事故隐患判定标准》第八条第五项
通风系统未形成仍然组织掘进。,"矿井三采区进风大巷和回风大巷使用水泵房主、副水仓作为回风通道，主、副水仓使用配水小井进行回风,采区设计的通风系统未形成，已经施工完成3305综采工作面（安装工作面），正在施工3306回风顺槽掘进工作面。",《煤矿重大事故隐患判定标准》第八条第四项
超头面布置,一盘区2-2煤南翼，布置22101回风顺槽、22102回风顺槽、22102主运顺槽3个煤巷掘进工作面在2023年8月28日至8月31日同时作业。,《煤矿重大事故隐患判定标准》第四条第四项
超层越界开采,矿井建设期间，于2023年5月22日打开24#密闭墙，进入《西安市蒲城秦家坡煤矿机械化改造安全设计》变更说明书批准范围外一采区回风巷道末端原旧有巷道掘进，至6月4日停止掘进，共向东南方向掘进了45米。,《煤矿重大事故隐患判定标准》第十五条第四项
"有冲击地压危险，
掘进面超速",2409运输巷掘进工作面推进速度超过了安全推进速度。根据陕西长武亭南煤业有限责任公司《2409掘进工作面冲击危险性评价及防冲设计》评价结果，2409运输巷掘进工作面704米-1487米为弱冲击危险区域，明确的采掘工作面安全推进速度15m/d。经查阅煤矿生产调度综合台账显示，8月29日2409运输巷掘进工作面自1343米推进至1359.2米，当日推进16.2 m， 8月30日2409运输巷掘进工作面自1359.2米推进至1376.3米，当日推进17.1m 。,《煤矿重大事故隐患判定标准》第十一条第四项
通风系统不可靠，风门设计存在缺陷,材料运输联络巷作为矿井主要进、回风巷之间的联络巷，安设的风门之间的距离小于材料运输最大长度，运输材料时必须同时打开两道正向风门和两道反向风门，检查时发现两道正向风门的联锁装置失效，调阅安全监控系统，材料运输联络巷风门开关传感器（002D05）状态图载明：2023年9月5日6时00分至7时00分，四道风门同时打开次数9次，期间造成风流短路。,《煤矿重大事故隐患判定标准》第八条第六项
瓦斯超限作业,2023年9月4日8时瓦斯抽采工安琪违章作业关闭了42107掘进工作面瓦斯抽采主管路放水，1#钻场1趟空抽支管未关闭，造成42107回风顺槽掘进工作面回风流15米T2甲烷传感器（064A10）8时30分09秒超限报警，最大值2.03%，报警时长6分49秒；8时30分33秒，42107回风顺槽顺层钻机处甲烷传感器（064A05）超限报警，最大值1.83%，报警时长6分46秒；8时38分当班调度员发出撤人命令。查询矿井人员位置监测系统发现42107回风顺槽掘进工作面未撤出全体人员，42107回风顺槽掘进工作面700米处王军利、万建国、杜炜军、朱国丰4人在甲烷超限报警后继续进行回撤综掘机作业，调查发现，万建国到顺槽口取管路配件时才知道瓦斯超限撤人，随即返回作业点组织其余3人于9时08分左右撤出42107回风顺槽掘进工作面。,《煤矿重大事故隐患判定标准》第五条第二项
超能力组织生产,矿井核定生产能力0.9Mt/a，查看矿井原煤产量报表，2023年4月生产原煤92570t，6月生产原煤128711t，7月生产原煤145340t，8月生产原煤134550t，4个月的原煤产量均大于核定生产能力的10%。,《煤矿重大事故隐患判定标准》第四条第一项
擅自开采保护煤柱,3110备用工作面顺槽和切眼进入村庄的安全煤柱，未经安全论证和审批（煤矿已与工作面上覆村庄及村民签订搬迁协议、发放安置补偿费）。,《煤矿重大事故隐患判定标准》第十条第三项
超能力组织生产,矿井核定生产能力为60万吨/年，查询《前梁矿业2023年产量汇总表》发现2023年6月份生产原煤68570吨，7月份生产原煤69320吨，8月份生产原煤70890吨。3个月的原煤产量均大于核定生产能力的10%。,《煤矿重大事故隐患判定标准》第四条第一项
采煤工作面回风巷内未安装供水管路组织生产,3205采煤工作面回风巷内未安装供水管路组织生产。,《煤矿重大事故隐患判定标准》第十八条第九项
造假，不戴定位卡，隐瞒作业人数,煤矿隐瞒下井人数，2023年7月份有5名人员未携带定位卡，且未检身签字下井工作。,《煤矿重大事故隐患判定标准》第十八条第五项
未实现风电、甲烷电闭锁,14202辅运顺槽掘进工作面（半煤岩巷）风电闭锁装置不能正常使用，2023年8月28日16点45分现场做风电闭锁试验，局部通风机停风后，不能切断该工作面综掘机等非本质安全型电气设备的电源。,《煤矿重大事故隐患判定标准》第八条第八项
未实现风电、甲烷电闭锁,44112回风顺槽和运输顺槽掘进工作面的断电范围均不正确，不能切断所有非本质安全型电气设备。现场试验风电闭锁，上述两个工作面安装的非本安型防爆摄像头不能断电，44112运输顺槽回风流设置的1台非本安型电缆接线盒不能断电。,《煤矿重大事故隐患判定标准》第八条第八项
未按联合试运转批复要求非法组织生产,2022年6月18日批复的《国家矿山安全监察局陕西局关于旬邑县清塬煤矿机械化改造安全设施设计（变更）的批复》同意变更的首采工作面为42103工作面，2023年5月6日陕西省发改委批复该矿进入联合试运转，期限6个月。现场检查时42103工作面已回采结束封闭接续至42104工作面，首采工作面发生重大变更未经再次审查批准。,《煤矿重大事故隐患判定标准》第十五条第一项
造假，提供虚假信息，隐瞒作业人数,煤矿提供虚假信息、隐瞒下井人数，查阅矿井2023年8月22日入井登记记录、人员定位系统统计数据显示当天四点班9人，实际入井27人，8月28日现场检查时发现井下工人张冬利、王西汉未带定位卡，井口检身记录未登记。,《煤矿重大事故隐患判定标准》第十八条第五项
瓦检员假检,2023年8月27日现场检查时发现1407辅运掘进工作面瓦斯检查牌板显示8月27日0点班第一次检查时间为0:50，第二次检查时间为3:59，而检查组到达此牌板时间为1:34。查询人员定位系统显示瓦检员乔全考仅在00:11到达1407辅运掘进工作面一次，存在瓦斯检查造假的情况。,《煤矿重大事故隐患判定标准》第五条第一项
使用明令禁止的淘汰设备,查看8月3日工业视频显示，31105运输顺槽掘进工作面使用非防爆三轮车运送材料。,《煤矿重大事故隐患判定标准》第十三条第三项
再次转包,煤矿将井下3-1煤层的掘进和采煤作为独立工程承包给陕西策德瑟建设工程有限公司（代表胡志刚）。,《煤矿重大事故隐患判定标准》第十六条第五项
未严格执行探放水措施,未采用物探、钻探或者化探等方法查清5105掘进工作面及其周围的水文地质条件，组织掘进施工，检查时5105运输顺槽掘进工作面掘进80余米，5105回风顺槽掘进工作面掘进240余米,《煤矿重大事故隐患判定标准》第九条第三项
造假，矿长履职时弄虚作假,煤矿矿长履行安全生产岗位责任制及管理制度时伪造记录，弄虚作假，2023年8月25日零点班带班未入井，安排技术副总杨勇在井口入井登记本上登记矿长姓名，并将人员定位卡交由杨勇携带入井。,《煤矿重大事故隐患判定标准》第十八条第五项
超能力组织生产,矿井核定生产能力为90万吨／年，2023年6月份生产原煤154225吨、7月份生产原煤148635吨、8月份至检查时已生产原煤126293吨，均超过核定生产能力的10％。,《煤矿重大事故隐患判定标准》第四条第一项
超能力组织生产,矿井核定生产能力0.6Mt/a，查看矿井原煤产量报表，2023年4月生产原煤89508t，5月生产原煤89985t，6月生产原煤89137t，7月生产原煤89024.5t，超过核定生产能力10%。,《煤矿重大事故隐患判定标准》第四条第一项
超能力组织生产,矿井核定生产能力为90万吨/年。2023年5月份生产原煤144735吨、6月份生产原煤250301吨、7月份生产原煤339259吨、8月份至检查时已生产原煤226880吨，均超过矿井核定生产能力的10％。,《煤矿重大事故隐患判定标准》第四条第一项
超能力组织生产,矿井核定生产能力0.45Mt/a，查看月度井巷工程量及其质量验收明细表，2023年3月原煤产量129706t，4月原煤产量129209t，5月原煤产量124192t，6月原煤产量118819t，7月原煤产量113217t，5个月的原煤产量均大于核定生产能力的10%。,《煤矿重大事故隐患判定标准》第四条第一项
造假，图纸作假、隐瞒采掘工作面,煤矿图纸作假，虚假绘制工作面进度。ZF215工作面2022年实际推采302m，采掘工程平面图标注为43m，将259m标注为2021年回采。,《煤矿重大事故隐患判定标准》第十八条第五项
超能力组织生产,矿井2022年原煤产量超过核定生产能力的10%（矿井核定生产能力90万吨/年，2022年全年实际原煤产量为114万吨）。,《煤矿重大事故隐患判定标准》第四条第一项
通风系统不可靠，未实现专用回风巷功能,矿井通风系统不可靠。1204条带充填回采工作面27条带贯通后，未构筑密闭墙封闭25、26条带，现场实测25条带巷道风速为0，26条带巷道风速约0.1m/s，且使用装载机进入25、26条带巷道进行堆放煤泥作业；1204条带回采工作面、1206充填工作面和1108充填工作面回风联巷只安设一道调节风门，风量调节设施使用的门板不可靠；11盘区调风设施构筑在回风大巷距立风井底约150米处，位置不合理。,《煤矿重大事故隐患判定标准》第八条第一项
超能力组织生产,矿井核定生产能力为400万吨/年，2023年7月份生产原煤45.4万吨。,《煤矿重大事故隐患判定标准》第四条第一项
擅自开采保护煤柱,聚隆矿业有限公司以“河道治理项目”为名要求施工单位（神木县欣华环境治理工程有限公司）对井田范围内考考乌素沟海湾张家沟村訾家庄段河床下“禁采区”的保安煤柱进行开采。,《煤矿重大事故隐患判定标准》第十条第三项
通风系统不可靠，未实现分区通风,一、二采区未实行分区通风，一采区1125运输顺槽掘进工作面的回风未直接进入采区回风巷，串入二采区回风大巷掘进工作面。,《煤矿重大事故隐患判定标准》第八条第四项
超能力组织生产,矿井2023年6月份原煤产量为9.49万吨，大于核定生产能力（0.45Mt/a）的10％（综采工作面生产原煤9.23万吨，掘进生产原煤0.26万吨）。,《煤矿重大事故隐患判定标准》第四条第一项
极端天气，未实施停产撤人,7月29日6时58分矿井来水上游的李家川水库向该矿调度发出泄洪预警信息后，矿井在未确认洪水水害隐患消除的情况下于9时10分安排18名人员入井作业。,《煤矿重大事故隐患判定标准》第九条第六项
超能力组织生产,"煤矿在2021年7月份-2022年6月份存在月度超能力生产。煤矿核定产能为120万吨/年，2021年7月-2022年6月原煤产量分别为2021年7月份700600吨，2021年8月份1256500吨，2021年9月份1234500吨，2021年10月份860000吨，2021年11月份1435000吨，2021年12月份1640000,2022年1月份220000吨，2022年2月份200000吨，2022年3月份210000吨，2022年4月份230000吨，2022年5月份225000吨，2022年6月份255801.8吨，均存在月度超能力情况。",《煤矿重大事故隐患判定标准》第九条第六项
造假，选择性上传数据,3-1煤回风大巷掘进工作面、3-1煤进风斜巷掘进工作面安全监控系统传感器数据未传输至地面主机，不能发挥应有的监控、监测作用。,《煤矿重大事故隐患判定标准》第十八条第六项
造假，图纸作假、隐瞒采掘工作面,煤矿图纸作假。现场检查发现3-1煤层辅助延深掘进巷道（3-1煤进风斜巷掘进工作面已掘进263m，3-1煤回风大巷掘进工作面已掘进268m，回风斜巷已施工402m，回风大巷联络巷已施工80m）未在采掘工程平面图上绘制。,《煤矿重大事故隐患判定标准》第十八条第五项
"未配备专业技术人员，
未定期排查重大隐患",矿井未定期开展重大事故隐患排查。检查时发现矿井未配备负责采煤、掘进、机电运输、通风、地测、防治水工作的专业技术人员，矿井未排查出上述重大事故隐患。,《煤矿重大事故隐患判定标准》第十八条第一项
设备失爆,现场检查时，11525综采工作面回风巷排水点（距11525工作面约50m）处的潜水电泵开关电缆，采用两段电缆直接连接，连接处用胶布缠绕包裹，电缆接线存在“鸡爪子”情形。,《煤矿重大事故隐患判定标准》第十三条第三项
超能力组织生产,矿井核定生产能力180万吨/年，2023年6月份实际生产原煤25.1万吨，大于核定生产能力的10%。,《煤矿重大事故隐患判定标准》第四条第一项
未按规定足额提取、使用安全费用,矿井2023年5月、6月利用安全生产费用支付培训中心场地翻新工程款43.58万元、职工健康体检费用19.1万元，未按照国家规定的范围使用安全费用。,《煤矿重大事故隐患判定标准》第十八条第二项
自然发火严重，未采取有效措施,煤矿开采的9#煤自燃倾向性为容易自燃未采取综合防灭火措施，《矿井防灭火专项设计》《3199采煤工作面作业规程》中规定工作面正常回采期间每天检修班喷洒阻化剂、每月灌浆一次，在现场检查时发现实际未喷洒阻化剂；采煤工作面从2022年11月开始推采，推采500米，仅在2023年7月9日灌浆1次。,《煤矿重大事故隐患判定标准》第十二条第一项
未按规定安设甲烷传感器,矿井地面选煤厂封闭的101带式输送机走廊内未安设甲烷传感器。,《煤矿重大事故隐患判定标准》第七条第二项
未实现风电、甲烷电闭锁,2103运输巷掘进工作面为煤巷，2023年7月12日四点班执法组现场进行甲烷电和风电闭锁试验，瓦斯超限和停风后均不能切断工作面内综掘机、胶带输送机、胶带输送机信号装置、激光定向仪等非本质安全型电气设备电源。,《煤矿重大事故隐患判定标准》第八条第八项
超能力组织生产,矿井6月生产原煤19.50万吨，月原煤产量大于矿井核定生产能力（150万吨/年）的10％。,《煤矿重大事故隐患判定标准》第四条第一项
未严格执行探放水措施,矿井水文类型为复杂型，6月22日主斜井掘进工作面已施工至345米处，进入安定组含水层，探放水设计施工3个钻孔，其中1号和3号钻孔设计深度为62米，2号钻孔设计深度为60米。6月21日施工2号钻孔，钻孔深度为8米，之后未继续进行探放水钻孔施工，6月22日继续进行掘进作业。,《煤矿重大事故隐患判定标准》第九条第三项
超能力组织生产,矿井2023年3月份生产原煤13.05万吨、4月份生产原煤14.1万吨，以上月份单月原煤产量均超过矿井核定(120万吨/年)生产能力的10％以上。,《煤矿重大事故隐患判定标准》第四条第一项
压风、供水自救装置无风、无水，调度通信系统不到位组织生产,2023年6月22日现场检查时12612综采工作面15名工人正在进行作业，工作面回风顺槽侧未设置直通矿调度室的有线调度电话、供水管路和压风管路断开、压风自救和供水施救终端无风无水，运输顺槽侧供水施救终端无水。责任人：综采工区区长赵晋中。,《煤矿重大事故隐患判定标准》第十八条第九项
自然发火严重，未采取有效措施,矿井开采的4-2煤属自燃煤层，24220综放工作面未按规定采取综合防灭火措施。24220综放工作面作业规程规定采取注氮、黄泥灌浆、喷洒阻化剂等综合防灭火措施，检查时24220综放工作面运输顺槽侧已推采10m，未开始注氮和黄泥灌浆，阻化泵开关尚未接通电源，未喷洒阻化剂。,《煤矿重大事故隐患判定标准》第十二条第一项
超能力组织生产,矿井核定生产能力为120万吨/年，4月份生产原煤143248吨（综采工作面生产原煤136850吨，掘进生产原煤6398吨），超过矿井核定生产能力的10%。,《煤矿重大事故隐患判定标准》第四条第一项
造假，伪造记录,总工程师秦卫红履行管理制度时伪造记录，弄虚作假：在空白《动火作业票》上机电部、通防部、生产副矿长、安全副矿长、机电副矿长、总工程师均签字，且签字后的空白动火作业票存放在综采队会议室。,《煤矿重大事故隐患判定标准》第十八条第五项
造假，不戴定位卡，隐瞒作业人数,矿井隐瞒入井人员，2023年1-6月陕西金泰合安建筑工程有限公司人员张立奎等40人在国家能源集团神东哈拉沟煤矿入井期间未携带人员位置监测卡。,《煤矿重大事故隐患判定标准》第十八条第五项
非法承包井下工程,矿井将2#北辅运大巷补强支护，22523工作面沿空留巷锚杆及锚索补强支护，3-1煤四盘区辅助运输大巷、主运大巷、回风大巷喷浆及底板硬化等工程承包给宁夏煤炭基本建设有限公司，宁夏煤炭基本建设有限公司又将上述工程劳务分包给陕西金泰合安建筑工程有限公司。,《煤矿重大事故隐患判定标准》第十六条第五项
超头面布置,3-1煤四盘区设计采用单翼开采，目前在该盘区布置有31401运输顺槽掘进工作面、31403运输顺槽机头硐室掘进工作面、四盘区副水仓掘进工作面同时作业。,《煤矿重大事故隐患判定标准》第四条第四项
造假，包裹传感器,2023年2月17日八点班至2月21日零点班期间，矿井将4112综采工作面及其上隅角甲烷传感器、工作面一氧化碳传感器人为采用塑料袋进行包裹；2023年3月19日零点班，对避难硐室外悬挂的甲烷传感器及一氧化碳传感器人为采用塑料袋进行包裹，造成甲烷传感器及一氧化碳传感器失效，导致上传数据失真。（发现人：凌志强，责任人：总经理张会宾、机电副矿长陈志永、机电科科长李国军、机电科主管技术员乔楠楠（均给予行政处罚））,《煤矿重大事故隐患判定标准》第十八条第六项
培训造假，安全生产责任制落实考核资料造假,矿长和国瑞履行安全生产岗位责任制时伪造记录，弄虚作假。矿长未对安全生产综合整治报告和综合整治检查表中填报的内容进行审查就签署了真实性承诺，综合整治自查表中现状描述主要负责人1人、安全生产管理人员51人，均已按照规定参加安全资格培训，并取得培训合格证，检查时发现主要负责人实际未培训；综合整治报告中从业人员安全生产责任制落实项目描述没有发现问题，实际矿长未按照安全责任制考核规定每季度进行一次全员考核。,《煤矿重大事故隐患判定标准》第十八条第五项
未按规定足额提取、使用安全费用,矿井未按照国家规定范围使用安全生产费用，查看该矿2023年1-4月安全费用明细发现该矿将职工体检、生产性用电等费用支出列入安全生产费用开支。如2023年4月26日分两笔支出健康体检费用237807元，4个月总支出主副井运输提升系统用电1868539.31元。,《煤矿重大事故隐患判定标准》第十八条第五项
超能力组织生产,煤矿核定生产能力1000万吨/年。2022年度原煤产量为1280万吨，2023年月度原煤产量分别为1月份103.71万吨、2月份113.94万吨、3月份119.95万吨、4月份115.99万吨、5月份112.44万吨。,《煤矿重大事故隐患判定标准》第四条第一项
自然发火严重，未采取有效措施,煤矿防灭火专项设计规定采用粉煤灰灌浆和注氮方式作为综合防灭火措施。11221综采工作面自5月8日开始初采至今累计回采300余米，仅安设有粉煤灰灌浆管路和注氮管路，未实施灌浆和注氮作业。,《煤矿重大事故隐患判定标准》第十二条第一项
通风系统不可靠，未实现分区通风,矿井通风系统不可靠，三盘区3301胶运、辅运顺槽和回风顺槽掘进工作面回风流经二盘区回风巷引入总回风巷，未实现分区通风。,《煤矿重大事故隐患判定标准》第八条第四项
排水系统未形成组织掘进作业,矿井未按照设计建设完成一水平主排水系统，违规施工一水平1-2上煤层11盘区主运、辅运大巷等三期工程，至检查时1-2上煤西翼运输大巷掘进584米，1-2上煤西翼辅运大巷掘进1026米。,《煤矿重大事故隐患判定标准》第九条第七项
超能力组织生产,2022年3月矿井生产原煤4.3227万吨，5月份矿井生产原煤4.6592万吨，2023年3月份矿井生产原煤3.9082万吨，以上月份单月原煤产量均超过矿井核定生产能力（30万吨/年）的10%以上。,《煤矿重大事故隐患判定标准》第九条第七项
超层越界开采,200综采工作面布置超出采矿许可证载明的坐标控制范围。,《煤矿重大事故隐患判定标准》第十条第二项
未实现风电、甲烷电闭锁,14207回风顺槽综掘工作面安设的风电闭锁、甲烷电闭锁装置不能正常使用，检查时，现场试验未切断该工作面综掘机、带式输送机等非本质安全型电气设备的电源。,《煤矿重大事故隐患判定标准》第八条第八项
超能力组织生产,矿井全年原煤产量超过矿井核定(设计)生产能力10%以上（矿井核定生产能力1700万吨/年，而2022年全年实际原煤产量为2650万吨）。,《煤矿重大事故隐患判定标准》第四条第一项
使用明令禁止的淘汰设备，设备失爆,主斜井井底煤仓上口转载系统使用的破碎机驱动电机（铭牌被抠）无MA标志，电机接线盒采用地面常规的明接头方式。,《煤矿重大事故隐患判定标准》第十三条第二项
未按规定安设甲烷传感器,"现场检查时发现3105充填开采工作面甲烷电、风电闭锁装置不完善,该工作面第35条带煤柱巷道掘进(已掘进62米)采用局部通风，未安设甲烷传感器和风筒传感器。",《煤矿重大事故隐患判定标准》第八条第八项
主要排水系统水仓容量不符合要求,"查矿井涌水量台账，1月份矿井正常涌水量为213m3/h,矿井主要排水系统水仓容量扩容后仅为1600m3,不符合《煤矿安全规程》规定的主要水仓容量必须满足8小时正常涌水量的规定。",《煤矿重大事故隐患判定标准》第九条第八项
超能力组织生产,"矿井核定生产能力1.2Mt/a ,2023年3月份生产原煤13.4万吨，大于核定生产能力的 10%。",《煤矿重大事故隐患判定标准》第四条第一项
使用无安全保护装置的凿井绞车升降人员,矿井回风立井（原副立井）延深工程施工期间采用JZ-10/600A型凿井绞车代替提升绞车升降人员，该绞车无安全保护装置。,《煤矿重大事故隐患判定标准》第十八条第七项
未实现风电、甲烷电闭锁,2022年5月5日，现场对43103辅助运输顺槽回风侧甲烷传感器报警功能进行测试时，不能切断43103辅助运输顺槽内带式输送机电源。,《煤矿重大事故隐患判定标准》第八条第八项
未按机械化改造要求形成永久排水系统,2023年5月5日对矿井进行检查时，矿井未按照《神木县瑶镇乡黄土庙煤矿机械化改造安全设施设计》《关于神木县瑶镇乡黄土庙煤矿机械化改造安全设施设计的批复》（陕煤安监二发〔2020〕175号）的要求，完成排水管路的安装，未建成永久排水系统，首采工作面43103工作面已贯通。,《煤矿重大事故隐患判定标准》第九条第七项
未按规定安设甲烷传感器,矿井407运输顺槽掘进工作面为半煤岩巷道，检查时该巷道已掘30余m，回风流未安设甲烷传感器，核对矿井监控系统传感器布置图，无该巷道回风流的甲烷传感器。,《煤矿重大事故隐患判定标准》第七条第二项
超能力组织生产,常家梁胜利煤矿超能力组织生产，矿井核定生产能力30万t/a，2023年3月生产原煤165353吨，2023年4月生产原煤149550.5吨。,《煤矿重大事故隐患判定标准》第四条第一项
设备失爆,井下盘区内防爆型电气失爆：20101综采工作面3#移动变压器进线电缆、20101运输顺槽皮带机头移动变压器进线电缆、201运输巷掘进工作面配电点移动变压器进线电缆均为铠装电缆（型号均为MYJV22-8.7/10 3X70mm2型），进线口均采用压盘式喇叭嘴。,《煤矿重大事故隐患判定标准》第十三条第三项
通风系统不可靠组织掘进施工,"201回风巷为煤巷，2023年3月2日开掘，2023年4月2日完成，4月17日至22日进行喷浆作业，现已喷浆50m，剩余155m未喷,该巷道设计需风量183m³/min，4月29日检查时现场测风，低速风表不动作（风表最低量程为0.2m/s），实际风量低于130.8m³/min（10.9㎡*0.2m/s*60s），实际供风量小于设计需风量。201辅运巷与201回风巷之间的联巷（201-1运输顺槽开口联巷）无通风设施。",《煤矿重大事故隐患判定标准》第八条第一项
"有冲击地压危险，
超员作业",ZF4405运输顺槽掘进工作面经评价具有冲击危险，2023年4月29日中班现场检查时，防冲限员管理站至迎头段共有11人作业。,《煤矿重大事故隐患判定标准》第十一条第五项
未配备分管安全的副总经理,该煤矿原安全副总经理尚勇2023年2月22日申请辞职，2023年2月底离矿，2023年3月至今煤矿未配备分管安全的副总经理,《煤矿重大事故隐患判定标准》第十八条第一项
未实现风电、甲烷电闭锁,查煤矿安全监控系统发现：2023年4月23日9时09分至11时37分期间，3306底抽巷掘进工作面风筒传感器状态显示“无风”，当日10时06分，3306底抽巷动力馈电状态由“无电”变为“有电”，风电闭锁装置不能正常使用。,《煤矿重大事故隐患判定标准》第八条第八项
未按规定安设甲烷传感器,3306底抽巷掘进工作面施工防突措施钻孔的钻机回风侧10m范围内未设置甲烷传感器。,《煤矿重大事故隐患判定标准》第七条第二项
有自然发火征兆，未采取安全防范措施，继续生产建设,2023年4月14日矿井通过20102备采工作面疏放上覆1-2煤采空区积水钻孔抽取气样分析，1-2煤采空区CO浓度最大超过999ppm，出现自燃发火征兆，未停止20101回风顺槽掘进作业。,《煤矿重大事故隐患判定标准》第十二条第三项
露天开采未编制设计，组织冒险作业,神木市孙家岔镇崖窑峁矿业有限公司现代化养殖基地建设项目露天剥挖1-2煤安全煤柱工程，未编制设计，一面坡作业，未划分台阶，实测边坡角最大角度达78°，东部边坡局部已发生垮塌未及时停止施工。,《煤矿重大事故隐患判定标准》第十八条第十项
擅自破坏保护煤柱开采,神木市孙家岔镇崖窑峁矿业有限公司现代化养殖基地建设项目以露天开采方式破坏1-2煤安全煤柱。,《煤矿重大事故隐患判定标准》第十条第三项
造假，图纸作假、隐瞒采掘工作面,矿井图纸作假、隐瞒采掘工作面，采掘工程平面图、通风系统图未填绘3308皮带上山、3308轨道上山掘进工作面。,《煤矿重大事故隐患判定标准》第十八条第五项
设备失爆,三盘区运输大巷约400m处有一个高压接线盒采用铠装电缆直接引入盘形喇叭口，未采用浇注式电缆接线盒，失去防爆性能。,《煤矿重大事故隐患判定标准》第十三条第三项
安全出口不畅通,4104综采工作面安全出口不畅通。运输顺槽安全出口约20米巷道高约0.8米、宽约0.7米。,《煤矿重大事故隐患判定标准》第十三条第五项
设备失爆,检查时发现采区变电所入口处巷道内悬挂的10KV高压铠装电缆护套损坏，露出屏蔽层。,《煤矿重大事故隐患判定标准》第十三条第三项
未按规定安设甲烷传感器,矿井西回风大巷掘进工作面为半煤岩巷道已掘进21米，工作面和回风侧均未按照规定安设甲烷传感器。,《煤矿重大事故隐患判定标准》第七条第二项
未落实区域防突措施组织掘进作业,矿井将3#煤作为11#煤保护层开采，3#煤层的1031、1032、1131、1132、1231、1232工作面开采过程中，留设有煤柱，煤柱影响范围覆盖110B运输顺槽、回风顺槽、切眼及工作面部分区域，110B运输顺槽、回风顺槽及切眼受煤柱影响范围内在掘进期间未执行区域防突措施。,《煤矿重大事故隐患判定标准》第六条第四项
未落实区域防突措施组织掘进作业,21512运输顺槽、回风顺槽突出煤层掘进期间，在上部3#煤保护层未开采煤柱影响段采用顺层钻孔预抽煤巷条带区域防突措施，设计抽采半径1.8m（满足抽采负压不低于13kPa，抽采时间不少于90天）。回风顺槽段1-8号钻孔施工时间为2022年11月3日，达标评判时间为2023年1月15日，抽采时间为73天；运输顺槽段1#、2#钻孔施工时间为2022年11月28日，达标评判时间为2022年12月18日，抽采时间为20天，未按照设计抽采时间抽采，抽采存在空白带开始掘进。21512回风巷采用顺层钻孔预抽煤巷条带区域防突措施，区域防突措施效果检验孔中，XJ1#、XJ2#间距为35m，不符合要求。,"《煤矿重大事故隐患判定标准》第四条第五项"
造假，图纸作假、隐瞒采掘工作面,矿井图纸作假、隐瞒采掘工作面。采掘工程平面图、通风系统图未填绘南二下山采区尾部斜巷、21316切眼回风联络巷掘进工作面，实际这两个工作面近期有掘进作业，检查前进行了密闭。,《煤矿重大事故隐患判定标准》第十八条第五项
未按设计完成排水系统,"矿井延深到二水平时未按设计要求建成431盘区排水系统安装排水泵及排水管路,仅依靠泄水孔自流排至521盘区水仓。",《煤矿重大事故隐患判定标准》第九条第七项
超能力组织生产,矿井2023年3月份原煤产量16.1766万吨，大于核定生产能力（0.9Mt/a）的10％。,《煤矿重大事故隐患判定标准》第四条第一项
未查明水文地质条件、采空区、废弃老窑积水等，组织生产,未查明矿井井田范围内采空区、废弃老窑积水等情况而组织生产。未对受采空区积水影响的煤层编制分区管理设计并划分可采区、缓采区和禁采区。,《煤矿重大事故隐患判定标准》第九条第一项
超能力组织生产,2023年2月份生产原煤80041.7吨，3月份生产原煤92735吨，月产量均大于矿井核定生产能力（60万吨/年）的10％。,《煤矿重大事故隐患判定标准》第四条第一项
未按规定足额提取、使用安全费用,矿井使用安全生产费用于2022年9月30日购买1台TLL-1200型末煤离心机，于2023年2月13日购买2台YBC-170Kw型连采机电动机，未按照国家规定范围使用安全生产费用。,《煤矿重大事故隐患判定标准》第十八条第二项
超头面布置,矿井302盘区单翼布置，2023年2月13日至4月3日同时在30201综采工作面、30202综采工作面组织回采。,《煤矿重大事故隐患判定标准》第四条第四项
超能力组织生产,矿井2023年2月原煤产量为19.163万吨，3月原煤产量为27.21万吨，月原煤产量均大于矿井核定生产能力（1.2Mt/a）的10%。,《煤矿重大事故隐患判定标准》第四条第一项
瓦斯漏检,5301工作面瓦斯检查存在漏检。2023年3月28日下午到该工作面回风巷检查时发现5301工作面瓦斯牌板填写日期为2023年3月27日。,《煤矿重大事故隐患判定标准》第五条第一项
未按规定足额提取、使用安全费用,未按照国家规定足额提取安全生产费用:2022年度矿井原煤产量为2120187吨，按规定应提取39635264.1元（核定产能180万吨，超能力生产违法行为已由府谷能源局处罚），实际按1819051.06吨提取32612775.90元安全生产费用，少提取7022488.2元。,《煤矿重大事故隐患判定标准》第五条第一项
瓦斯漏检,50305综采工作面2023年3月21日零点班和21日四点班作业期间每班只检查一次CH4和C02浓度。,《煤矿重大事故隐患判定标准》第五条第一项
通风系统未按设计形成组织生产,矿井北采区+400以下未按开采设计部署运输和回风下山形成完整的通风系统，1102采煤工作面推采约100m；,《煤矿重大事故隐患判定标准》第八条第四项
未严格执行掘进工作面两探,1202进风顺槽设计附近有低阻异常区，该巷道掘进时只在开口处做过一次瞬变电磁物探，没有进行钻探；1202回风顺槽掘进期间没有进行物探和钻探。,《煤矿重大事故隐患判定标准》第九条第三项
未配备专业技术人员，未按要求建立健全安全技术管理体系,煤矿属于衰老矿井，安全管理人员和专业技术人员流失严重，矿井未成立机电队、通风队安全管理机构不健全，矿长崔旺岗位安全责任制履行不到位；总工程师兰龙未组织建立健全本公司安全技术管理体系，通风图纸更新不及时，岗位安全责任制履行不到位；现场抽查安全副矿长冯斌对本岗位安全生产责任制不清楚。矿井未按照规定配备专职负责掘进、地测工作的专业技术人员，防治水副总师陈光德兼生产技术科科长长和防治水技术员。,《煤矿重大事故隐患判定标准》第十八条第一项
造假，隐瞒井下作业人数,煤矿提供虚假信息、隐瞒下井人数，对2023年3月13-14日在主斜井井筒内安装带式输送机人员不配发人员位置监测系统识别卡、采用两本矿灯发放登记簿隐瞒下井人数。,《煤矿重大事故隐患判定标准》第十八条第五项
造假，图纸作假、隐瞒采掘工作面,煤矿图纸作假，隐瞒503探巷掘进工作面，井下采掘工程平面图中虚假绘制11501综采工作面回采进度。,《煤矿重大事故隐患判定标准》第十八条第五项
非法组织生产,矿井为设计生产能力60万吨/年的资源整合矿井，属改扩建矿井，矿井在未取得采矿许可证的情况下在改扩建区域11501综采工作面组织生产，11501综采工作面自2022年5月至2023年3月推采长度约558米。,《煤矿重大事故隐患判定标准》第十五条第三项
自然发火严重，未采取有效措施,矿井开采的2号煤为自燃煤层，2022年4月18日-10月18日联合试运转期间，未按规定采取综合防灭火措施。未按《2203综采工作面回采作业规程》规定每天喷洒阻化剂，2022年8月27日以后在推采过程中未喷洒阻化剂。,《煤矿重大事故隐患判定标准》第十二条第一项
造假，图纸作假、隐瞒采掘工作面,煤矿图纸作假，隐瞒2204回风顺槽掘进工作面。矿井2022年12月7日在煤矿安全生产基础信息平台上传的采掘工程平面图无2204回风顺槽及切眼巷道，现场检查时矿井提供的2023年2月采掘工程平面图中无2204回风顺槽及切眼巷道，下井检查时发现2204回风顺槽及切眼已掘进450m。,《煤矿重大事故隐患判定标准》第十八条第五项
非法组织生产,矿井《安全生产许可证》已注销，原开采设计采煤方法为炮采，现采煤方法变更为综合机械化开采，在未履行开采设计变更和安全设施设计变更审批手续且未取得复产复工批复的情况下，擅自在井下开展中央水泵房改造施工、巷道修复作业及管路安装等工作。,《煤矿重大事故隐患判定标准》第十五条第一项
未查明水文地质条件、采空区、废弃老窑积水等，生产建设,矿井未查明井田全部范围内采空区积水情况而组织建设。该矿2022年1月份由中煤西安设计工程有限责任公司出具的《水文地质类型划分报告》指出应进一步查明4号、7号、8-2号煤层采空区积水情况，2022年8月15日煤矿与中国煤炭地质总局煤航地质勘察院签订合同，开展隐蔽致灾因素普查工作，至今煤矿仍未取得《隐蔽致灾因素普查报告》，在2022年6月29日至2022年8月19日和2022年12月1日至2023年1月13日期间，煤矿组织建设。,《煤矿重大事故隐患判定标准》第九条第一项
掘进工作面瓦斯排放“一风吹”,2023年3月14日10时59分，回风巷综掘工作面甲烷传感器浓度达到3.9%，未按照国家规定制定安全技术措施，擅自开启局部通风机恢复通风进行作业。,《煤矿重大事故隐患判定标准》第五条第三项
瓦斯超限作业,2023年3月14日10时18分31秒，回风巷综掘工作面甲烷传感器报警浓度达到1.0%，该传感器报警，10时21分18秒该传感器浓度达到1.5%，切断该工作面非本质安全型电源，10时59分08秒，该传感器浓度达到3.9%。在此时间范围内工作面甲烷超限，该工作面距离迎头70m左右处有2名工人进行更换风筒作业，未停止工作，未撤出人员。,《煤矿重大事故隐患判定标准》第五条第二项
造假，图纸作假,机轨运输大巷维修工作面已施工约700米，但采掘工程平面图与矿井设计图、巷道布置图中填绘的机轨运输大巷维修工作面范围内的采空区位置和面积大小不一致，且矿长、总工程师在采掘工程平面图、巷道布置图中审核签字。,《煤矿重大事故隐患判定标准》第十八条第五项
设备失爆,50206综采工作面机尾2号摄像头为防爆型电气设备，额定电压127V。3月17日现场检查发现该摄像头电源线松动，破皮露芯线，存在失爆现象,《煤矿重大事故隐患判定标准》第十三条第三项
自然发火严重，未采取有效措施,矿井5-1煤层属于易自燃煤层，《5-1煤层防灭火专项设计》规定“综采工作面回采期间采用预防性注浆防灭火方案，在初采、末采期间进行注浆”。经查询注浆记录、监控系统发现：2月16日至3月9日，矿井50206综采工作面初采期间，未对采空区进行黄泥灌浆作业。,《煤矿重大事故隐患判定标准》第十二条第一项
使用明令禁止的淘汰设备,井下中央水仓入口处一台在用型号为QBZ-60的磁力启动器使用JDB电动机综合保护器，该设备为《禁止井工煤矿使用的设备及工艺目录（第四批）》中的禁用设备。,《煤矿重大事故隐患判定标准》第十三条第一项
通风系统不可靠，未按设计形成完整通风系统,矿井一采区轨道下山、皮带下山与回风下山边界处未按资源整合实施方案开采设计使用联巷贯通形成完整通风系统，采区回风经采区变电所回风联巷进入采区回风巷，且采区变电所回风联巷风门联锁失效。,《煤矿重大事故隐患判定标准》第八条第四项、《煤矿重大事故隐患判定标准》第八条第六项
非法组织生产,煤矿新建的回风立井安全设施设计未经有关部门审查同意，检查时发现已掘进33m。,《煤矿重大事故隐患判定标准》第十五条第一项
监控系统不能正常运行,Ⅲ42上3里机巷中部激光甲烷传感器T中，现场标校显示值超差（标气浓度1.90%CH4，实际显示值2.15% CH4），且无法调校；现场标校甲烷传感器时，传感器报警功能失效。,《煤矿重大事故隐患判定标准》第十五条第一项
有透水征兆，未立即停止作业撤出人员,3106综采工作面38号至99号液压支架上方顶板淋水较大，89号至98号液压支架后方采空区有大量涌水流出，3106回风顺槽260米至450米处顶板淋水较大，有透水征兆，未立即停止作业并撤出所有受水患威胁地点的人员。,《煤矿重大事故隐患判定标准》第九条第五项
超能力组织生产,矿井月产量大于矿井核定(设计)生产能力10％：矿井核定生产能力60万吨/年，2022年12月生产原煤9.4634万吨，2023年2月生产原煤11.9785万吨。,《煤矿重大事故隐患判定标准》第四条第一项
非法组织生产,大柳塔煤矿2号煤三盘区露天开采建设项目在未取得联合试运转批复的情况下，2022年9月至2023年2月组织生产活动。,《煤矿重大事故隐患判定标准》第十五条第三项
未配备专业技术人员,煤矿未分别配备负责通风、地测及防治水工作的专业技术人员。,《煤矿重大事故隐患判定标准》第十八条第一项
未建成防、排水系统组织开拓掘进,禾草沟煤业有限公司开拓3-2煤水平，延深到设计水平时，未建成防、排水系统而违规开拓掘进304盘区辅运大巷、304盘区胶运大巷和304盘区回风大巷。,《煤矿重大事故隐患判定标准》第九条第七项
超能力组织生产,矿井核定生产能力为240万吨/年，2022年3月份生产原煤25.03万吨、12月份生产原煤28.94万吨，以上2个月原煤产量均大于矿井核定生产能力的10％。,《煤矿重大事故隐患判定标准》第四条第一项
未查明采空区、废弃老窑范围、积水等，组织掘进,主水仓掘进工作面地质说明书中提出：由于北关煤矿已开采多年，老空积水情况不详，掘进中受老空水威胁，要求掘进时预先对采空区进行探放水。矿井在采空区、废弃老窑范围不清、积水情况不明的情况下进行主水仓掘进工作面掘进，未开展物探和钻探。,《煤矿重大事故隐患判定标准》第九条第一项
自然发火严重，未采取有效措施,矿井开采自燃煤层，未按规定采取综合防灭火措施。《延安市禾草沟二号煤矿有限公司矿井防灭火专项设计》规定：“正常生产时期（工作面推进速度6m/d）不需要灌浆；当工作面推进速度小于150m/月时，工作面每推进25天对采空区“两道”注一次浆，形成浆体隔离带”。2022年9月至2023年1月1123综采工作面推进度为300m，未达到6m/d要求，且月推进度小于150m，未按要求注浆。《延安市禾草沟二号煤矿有限公司综采二队1123工作面采空区黄泥灌浆记录本》显示：2022年8月25日至今无灌浆记录。,《煤矿重大事故隐患判定标准》第十二条第一项
自然发火严重，未采取有效措施,煤矿开采的5-1煤自燃倾向性为容易自燃，未采取2种及以上防灭火技术手段实施主动预防煤层自然发火的综合防灭火措施，煤矿《2023年度防灭火专项设计》《51203综采工作面防灭火措施》中规定工作面正常回采期间只采用喷洒阻化剂一种方法，在现场检查时发现阻化剂喷洒系统实际未使用，阻化剂泵进液管长期未用、锈蚀严重，排液管捆绑在一起，且管路未敷设至工作面。,《煤矿重大事故隐患判定标准》第十二条第一项
超头面布置,煤矿井下一盘区西翼布置3111运顺、3111回顺、3109残采运顺3个半煤岩巷掘进工作面同时作业。,《煤矿重大事故隐患判定标准》第四条第四项
未实现风电、甲烷电闭锁,2月16日9时57分，102辅助运输顺槽掘进工作面因两部局部通风机停运后停风引发瓦斯超限，造成工作面T1甲烷传感器最大浓度达1.14%。10时28分，在局部通风机未恢复运转、瓦斯仍为1.06%的情况下，监控值班人员段佳旭通过安全监控系统远程将102辅助运输顺槽断电器调整至复电状态，导致断电范围内可以进行人工送电。,《煤矿重大事故隐患判定标准》第八条第八项
掘进工作面瓦斯排放“一风吹”,2月15日17时53分，中央带式输送机大巷掘进工作面因两部局部通风机停运后停风引发瓦斯超限，造成该工作面T1甲烷传感器最大浓度达1.58%。18时37分该工作面恢复供电，当班电工权建勇未执行《煤矿安全规程》第一百七十六条第二款“必须采取安全措施，控制风流排放瓦斯”的规定，直接开启局部通风机采用“一风吹”的方式排放停风区域积聚瓦斯。,《煤矿重大事故隐患判定标准》第五条第三项
超能力组织生产,矿井2022年核定生产能力为0.60Mt/a，2022年8月、9月、11月单月产量分别为0.195 Mt、0.189 Mt、0.182 Mt 。,《煤矿重大事故隐患判定标准》第四条第一项
通风系统不可靠，主要进回风大巷之间风流短路,南辅运大巷风流通过3113两顺槽间的联络巷进入南回风大巷，3113两顺槽间联络巷中使用风帘作为临时通风设施，风帘无法覆盖全断面，风流短路。,《煤矿重大事故隐患判定标准》第八条第六项
非法承包井下工程,神木大砭窑气化煤有限责任公司在处于正常生产状态的情况下，于2022年9月18日与承包商田昌盛签订《煤矿巷道掘进承包合同》，将井下四盘区巷道掘进作业作为独立工程发包给田昌盛个人。,《煤矿重大事故隐患判定标准》第十六条第五项
安全设施不到位组织作业,矿井为高瓦斯矿井，1312备采工作面已试采11m，试采期间工作面及其回风巷和回风隅角未安装甲烷传感器。,《煤矿重大事故隐患判定标准》第七条第二项
超头面布置,在3-2煤同一盘区内的一翼布置32307综采工作面和32304综采工作面交替生产。2022年10月7日32307综采工作面和32304综采工作面同时组织生产原煤2800吨和800吨；2022年11月3日32307综采工作面和32304综采工作面同时组织生产原煤800吨和2600吨；2022年11月8日32307综采工作面和32304综采工作面同时组织生产原煤1400吨和2600吨；2022年11月15日32307综采工作面和32304综采工作面同时组织生产原煤1200吨和2400吨。,《煤矿重大事故隐患判定标准》第四条第四项
采（盘）区内防爆型电气设备失爆,2023年01月18日17:44:52，安装在机轨合一巷掘进工作面回风流中的25Kw绞车供电线路接线盒内阴燃，产生烟雾造成机轨合一巷CO传感器超限报警7分38秒，最大值33.75ppm。经现场核查发现，该接线盒防爆结合面锈蚀、坑洼不平，有两处机械伤痕宽度和深度均超过1mm，无防锈油、密封不严，失去不传爆性能，存在失爆。,《煤矿重大事故隐患判定标准》第十三条第三项
采掘接续紧张,煤矿核定生产能力为60万吨/年。回采煤量16.1万吨，可采期为3.2个月；准备煤量38.1万吨，可采期为7.6个月；开拓煤量38.1万吨，可采期为7.6个月；煤矿“三量”小于国家规定的最短时间。煤矿尽管制定了限产措施，月产量由5万吨降至4万吨，“三量”可采期仍不符合规定。,《煤矿重大事故隐患判定标准》第四条第三项
自然发火严重，未采取有效措施,矿井开采的3#煤层为容易自燃煤层，防灭火措施执行不到位。《30106综采工作面作业规程》中规定工作面日常防灭火措施采用喷洒阻化剂一种措施，未按要求采取两种及以上综合防灭火技术措施；该矿2022年12月29-31日，2023年1月19号到29号停产期间，未对工作面喷洒阻化剂，也未采取黄泥灌浆或注氮等其他措施；现场检查时上隅角束管监测管线断开，无法监测采空区气体。,《煤矿重大事故隐患判定标准》第十二条第一项
瓦斯漏检,现场检查时，401106综放工作面回风顺槽200米里程牌以里的3处凹陷空间体积超过5m3的高冒区未设置瓦斯检查点；查阅2022年11月、12月和2023年1月《矿井瓦斯检查点设置计划表》《自燃发火观测点设置计划表》，对401106综放工作面回风顺槽已设置的6处高冒区检查点，规定检查周期为每天1次，低于每班1次的规定。,《煤矿重大事故隐患判定标准》第五条第一项
自然发火严重，未采取有效措施,2-2煤层为容易自燃煤层，煤矿防灭火措施落实不到位。检查发现2203综采工作面（平均厚度达到8米，工作面采高7.2米，留1m顶煤进行回采）自2022年11月回采至今，仅采用喷洒阻化剂1种防灭火措施，现场试验喷洒阻化剂设备运行情况，发现阻化泵输出压力较低，阻化剂仅能覆盖30%综采工作面范围。现场通过多参数气体参数仪测定该工作面上隅角一氧化碳浓度持续达到39ppm。,《煤矿重大事故隐患判定标准》第十二条第一项
非法承包井下工程,矿井将井巷维修作业作为独立工程发包给陕西煤业化工建设（集团）有限公司韩城分公司，以上两家单位2022年12月7日签订施工合同（编号：SMZKH（2022）cb—55），施工内容包括：“5-2煤南部回风巷IV段补强支护、中转水仓施工、巷道喷浆、砼底板构筑、通风设施”。,《煤矿重大事故隐患判定标准》第十六条第五项
非法组织生产,煤矿在建设期间未取得联合试运转批复的情况下，2022年8月至10月在3101工作面违法违规组织生产。,《煤矿重大事故隐患判定标准》第十五条第二项
未查明水文地质条件、采空区、废弃老窑积水等，生产建设,矿井在未探明421盘区南部采空区积水的情况下，在该区域布置42105采煤工作面，检查时42105运输顺槽掘进工作面已掘进186m。,《煤矿重大事故隐患判定标准》第九条第一项
自然发火严重，未采取有效措施,矿井主采煤层为自燃煤层，42103采煤工作面设计采用灌浆、注氮、喷洒阻化剂综合防灭火措施，实际矿井无注氮系统、注浆管路未按照设计敷设至42103采煤工作面采空区、阻化剂未按设计进行喷洒，综合防灭火措施未落实。,《煤矿重大事故隐患判定标准》第十二条第一项
超能力组织生产,矿井核定生产能力45万吨/年，检查发现2022年11月份生产原煤48263.04t，12月份生产原煤47659.32t，产量均超过核定（设计）生产能力的10%。,《煤矿重大事故隐患判定标准》第四条第一项
